geo_sk,tract_fips,county_fips,county_name,state_fips,state_abbr,region,is_delta,is_gulf_coast,is_rural,total_population,centroid_lat,centroid_lon
1,28001000101,28001,Adams,28,MS,Other,False,False,,4710.0,31.50249,-91.241515
2,28001000102,28001,Adams,28,MS,Other,False,False,,2350.0,31.416341,-91.296345
3,28001000200,28001,Adams,28,MS,Other,False,False,,3930.0,31.654084,-91.369364
4,28001000300,28001,Adams,28,MS,Other,False,False,,1774.0,31.571829,-91.385798
5,28001000400,28001,Adams,28,MS,Other,False,False,,2983.0,31.562869,-91.377616
6,28001000500,28001,Adams,28,MS,Other,False,False,,2966.0,31.578821,-91.319346
7,28001000600,28001,Adams,28,MS,Other,False,False,,2701.0,31.5493,-91.378987
37,28011950400,28011,Bolivar,28,MS,Delta,True,False,,3788.0,33.644291,-90.974428
38,28011950500,28011,Bolivar,28,MS,Delta,True,False,,5183.0,33.670324,-90.6911
51,28017950100,28017,Chickasaw,28,MS,Other,False,False,,3757.0,34.013819,-88.797221
52,28017950200,28017,Chickasaw,28,MS,Other,False,False,,3343.0,33.996875,-89.022052
53,28017950300,28017,Chickasaw,28,MS,Other,False,False,,4907.0,33.907046,-88.996184
8,28001000700,28001,Adams,28,MS,Other,False,False,,1376.0,31.555779,-91.40515
9,28001000800,28001,Adams,28,MS,Other,False,False,,2840.0,31.474992,-91.442682
10,28001000900,28001,Adams,28,MS,Other,False,False,,3795.0,31.527334,-91.386251
11,28003950100,28003,Alcorn,28,MS,Other,False,False,,5244.0,34.95722,-88.434206
54,28017950401,28017,Chickasaw,28,MS,Other,False,False,,2063.0,33.897372,-88.820892
55,28017950402,28017,Chickasaw,28,MS,Other,False,False,,2954.0,33.812474,-89.051776
56,28019950100,28019,Choctaw,28,MS,Other,False,False,,2318.0,33.439982,-89.26545
57,28019950200,28019,Choctaw,28,MS,Other,False,False,,4197.0,33.271748,-89.23136
124,28033070830,28033,DeSoto,28,MS,Delta,True,False,,8318.0,34.958666,-89.760543
125,28033070900,28033,DeSoto,28,MS,Delta,True,False,,6412.0,34.824833,-89.781825
12,28003950201,28003,Alcorn,28,MS,Other,False,False,,3678.0,34.934247,-88.496789
39,28011950601,28011,Bolivar,28,MS,Delta,True,False,,2129.0,33.72918,-90.741695
13,28003950202,28003,Alcorn,28,MS,Other,False,False,,3455.0,34.967976,-88.502846
14,28003950300,28003,Alcorn,28,MS,Other,False,False,,3404.0,34.965376,-88.556484
15,28003950401,28003,Alcorn,28,MS,Other,False,False,,2808.0,34.903867,-88.70457
16,28003950402,28003,Alcorn,28,MS,Other,False,False,,1737.0,34.959333,-88.717189
17,28003950501,28003,Alcorn,28,MS,Other,False,False,,3901.0,34.886287,-88.533863
42,28011950702,28011,Bolivar,28,MS,Delta,True,False,,3673.0,33.729081,-90.718936
18,28003950502,28003,Alcorn,28,MS,Other,False,False,,2801.0,34.924315,-88.529099
19,28003950600,28003,Alcorn,28,MS,Other,False,False,,3663.0,34.839836,-88.420886
20,28003950700,28003,Alcorn,28,MS,Other,False,False,,4026.0,34.804402,-88.620725
21,28005950100,28005,Amite,28,MS,Other,False,False,,4529.0,31.252239,-90.696621
22,28005950200,28005,Amite,28,MS,Other,False,False,,3668.0,31.269704,-90.944027
23,28005950301,28005,Amite,28,MS,Other,False,False,,2061.0,31.080864,-90.953456
24,28005950302,28005,Amite,28,MS,Other,False,False,,2425.0,31.078787,-90.703503
25,28007060100,28007,Attala,28,MS,Other,False,False,,2172.0,33.181471,-89.432069
26,28007060200,28007,Attala,28,MS,Other,False,False,,2794.0,33.167121,-89.663782
27,28007060300,28007,Attala,28,MS,Other,False,False,,3394.0,32.980679,-89.763378
28,28007060400,28007,Attala,28,MS,Other,False,False,,2585.0,32.991314,-89.467824
29,28007060500,28007,Attala,28,MS,Other,False,False,,3454.0,33.057923,-89.576194
43,28013950100,28013,Calhoun,28,MS,Other,False,False,,3526.0,34.042209,-89.330817
211,28047001900,28047,Harrison,28,MS,Gulf Coast,False,True,,2571.0,30.382656,-89.068711
30,28007060600,28007,Attala,28,MS,Other,False,False,,3443.0,33.060168,-89.610424
31,28009950101,28009,Benton,28,MS,Other,False,False,,2932.0,34.885205,-89.274649
32,28009950102,28009,Benton,28,MS,Other,False,False,,2298.0,34.886498,-89.123605
33,28009950200,28009,Benton,28,MS,Other,False,False,,2407.0,34.678964,-89.192165
34,28011950100,28011,Bolivar,28,MS,Delta,True,False,,2839.0,34.013529,-90.821696
35,28011950200,28011,Bolivar,28,MS,Delta,True,False,,2736.0,33.851053,-90.948908
36,28011950300,28011,Bolivar,28,MS,Delta,True,False,,3042.0,33.868174,-90.7582
40,28011950602,28011,Bolivar,28,MS,Delta,True,False,,4102.0,33.751304,-90.747438
41,28011950701,28011,Bolivar,28,MS,Delta,True,False,,3196.0,33.747526,-90.705944
48,28015950100,28015,Carroll,28,MS,Delta,True,False,,4660.0,33.575763,-89.940295
49,28015950201,28015,Carroll,28,MS,Delta,True,False,,3759.0,33.356665,-89.849688
50,28015950202,28015,Carroll,28,MS,Delta,True,False,,1511.0,33.391584,-90.071106
44,28013950200,28013,Calhoun,28,MS,Other,False,False,,1304.0,33.989405,-89.339762
45,28013950300,28013,Calhoun,28,MS,Other,False,False,,2987.0,33.832297,-89.39806
46,28013950400,28013,Calhoun,28,MS,Other,False,False,,2847.0,33.875969,-89.212728
47,28013950500,28013,Calhoun,28,MS,Other,False,False,,2529.0,33.864584,-89.307854
58,28019950300,28019,Choctaw,28,MS,Other,False,False,,1693.0,33.31654,-89.162072
59,28021950100,28021,Claiborne,28,MS,Other,False,False,,2746.0,32.019279,-90.897468
60,28021950200,28021,Claiborne,28,MS,Other,False,False,,1108.0,31.955377,-90.980306
61,28021950300,28021,Claiborne,28,MS,Other,False,False,,5190.0,31.888442,-90.961045
62,28023950100,28023,Clarke,28,MS,Other,False,False,,4406.0,32.068073,-88.579792
63,28023950201,28023,Clarke,28,MS,Other,False,False,,4058.0,32.176976,-88.810139
64,28023950202,28023,Clarke,28,MS,Other,False,False,,1698.0,32.084583,-88.797035
65,28023950300,28023,Clarke,28,MS,Other,False,False,,2755.0,31.931488,-88.810589
66,28023950400,28023,Clarke,28,MS,Other,False,False,,2636.0,32.010726,-88.716031
67,28025950100,28025,Clay,28,MS,Other,False,False,,4792.0,33.687149,-88.766236
68,28025950200,28025,Clay,28,MS,Other,False,False,,2354.0,33.671959,-88.921835
69,28025950300,28025,Clay,28,MS,Other,False,False,,2850.0,33.609538,-88.654327
70,28025950400,28025,Clay,28,MS,Other,False,False,,4482.0,33.605874,-88.637252
71,28025950500,28025,Clay,28,MS,Other,False,False,,4120.0,33.592575,-88.575892
72,28027950100,28027,Coahoma,28,MS,Delta,True,False,,3212.0,34.371879,-90.547977
73,28027950200,28027,Coahoma,28,MS,Delta,True,False,,2473.0,34.19402,-90.722396
74,28027950300,28027,Coahoma,28,MS,Delta,True,False,,2425.0,34.110923,-90.535254
195,28047001205,28047,Harrison,28,MS,Gulf Coast,False,True,,2883.0,30.40833,-88.989629
75,28027950400,28027,Coahoma,28,MS,Delta,True,False,,3306.0,34.211247,-90.575225
76,28027950500,28027,Coahoma,28,MS,Delta,True,False,,4898.0,34.193121,-90.594101
77,28027950600,28027,Coahoma,28,MS,Delta,True,False,,881.0,34.194747,-90.568484
78,28027950700,28027,Coahoma,28,MS,Delta,True,False,,4069.0,34.193165,-90.552081
79,28029950101,28029,Copiah,28,MS,Other,False,False,,2593.0,31.978067,-90.344544
94,28033070210,28033,DeSoto,28,MS,Delta,True,False,,6885.0,34.971267,-90.082608
80,28029950102,28029,Copiah,28,MS,Other,False,False,,3205.0,31.997087,-90.353275
81,28029950200,28029,Copiah,28,MS,Other,False,False,,4501.0,31.937427,-90.270477
82,28029950300,28029,Copiah,28,MS,Other,False,False,,4549.0,31.952843,-90.557816
83,28029950400,28029,Copiah,28,MS,Other,False,False,,4940.0,31.863342,-90.391232
84,28029950501,28029,Copiah,28,MS,Other,False,False,,3397.0,31.744666,-90.348426
85,28029950502,28029,Copiah,28,MS,Other,False,False,,2117.0,31.806811,-90.252661
86,28029950600,28029,Copiah,28,MS,Other,False,False,,2908.0,31.769936,-90.555914
87,28031950100,28031,Covington,28,MS,Pine Belt,False,False,,3652.0,31.705269,-89.489498
88,28031950200,28031,Covington,28,MS,Pine Belt,False,False,,2104.0,31.639747,-89.567581
89,28031950300,28031,Covington,28,MS,Pine Belt,False,False,,5048.0,31.701464,-89.664313
90,28031950401,28031,Covington,28,MS,Pine Belt,False,False,,3906.0,31.586068,-89.553864
91,28031950402,28031,Covington,28,MS,Pine Belt,False,False,,3613.0,31.485754,-89.496123
92,28033070101,28033,DeSoto,28,MS,Delta,True,False,,3229.0,34.928008,-90.198081
93,28033070102,28033,DeSoto,28,MS,Delta,True,False,,4070.0,34.954413,-90.127588
196,28047001206,28047,Harrison,28,MS,Gulf Coast,False,True,,1027.0,30.396914,-88.998123
95,28033070221,28033,DeSoto,28,MS,Delta,True,False,,3629.0,34.91194,-90.071205
212,28047002001,28047,Harrison,28,MS,Gulf Coast,False,True,,1737.0,30.376175,-89.085502
96,28033070222,28033,DeSoto,28,MS,Delta,True,False,,4174.0,34.910605,-90.021831
97,28033070310,28033,DeSoto,28,MS,Delta,True,False,,3970.0,34.947297,-90.006005
98,28033070322,28033,DeSoto,28,MS,Delta,True,False,,4056.0,34.943577,-90.031783
99,28033070323,28033,DeSoto,28,MS,Delta,True,False,,4879.0,34.972949,-90.050519
100,28033070324,28033,DeSoto,28,MS,Delta,True,False,,4261.0,34.954995,-90.053129
101,28033070325,28033,DeSoto,28,MS,Delta,True,False,,3417.0,34.955848,-90.04003
102,28033070411,28033,DeSoto,28,MS,Delta,True,False,,2072.0,34.991148,-90.014997
103,28033070412,28033,DeSoto,28,MS,Delta,True,False,,4479.0,34.976161,-90.008269
104,28033070421,28033,DeSoto,28,MS,Delta,True,False,,3291.0,34.988138,-90.036475
105,28033070422,28033,DeSoto,28,MS,Delta,True,False,,2652.0,34.972568,-90.023346
106,28033070521,28033,DeSoto,28,MS,Delta,True,False,,2985.0,34.986899,-89.987923
107,28033070522,28033,DeSoto,28,MS,Delta,True,False,,4975.0,34.970272,-89.987425
108,28033070523,28033,DeSoto,28,MS,Delta,True,False,,7955.0,34.97875,-89.954475
109,28033070524,28033,DeSoto,28,MS,Delta,True,False,,2906.0,34.980443,-89.919054
110,28033070610,28033,DeSoto,28,MS,Delta,True,False,,2691.0,34.95071,-89.988373
111,28033070631,28033,DeSoto,28,MS,Delta,True,False,,5389.0,34.947789,-89.919046
112,28033070632,28033,DeSoto,28,MS,Delta,True,False,,3793.0,34.947536,-89.957123
114,28033070634,28033,DeSoto,28,MS,Delta,True,False,,1319.0,34.89949,-89.96711
197,28047001207,28047,Harrison,28,MS,Gulf Coast,False,True,,1776.0,30.398017,-88.968412
113,28033070633,28033,DeSoto,28,MS,Delta,True,False,,4452.0,34.911093,-89.913037
198,28047001301,28047,Harrison,28,MS,Gulf Coast,False,True,,1338.0,30.391201,-88.970159
115,28033070635,28033,DeSoto,28,MS,Delta,True,False,,6904.0,34.91622,-89.964608
118,28033070723,28033,DeSoto,28,MS,Delta,True,False,,4529.0,34.97766,-89.877833
116,28033070721,28033,DeSoto,28,MS,Delta,True,False,,6794.0,34.925913,-89.845245
117,28033070722,28033,DeSoto,28,MS,Delta,True,False,,6309.0,34.893488,-89.839563
119,28033070724,28033,DeSoto,28,MS,Delta,True,False,,2694.0,34.950305,-89.874734
122,28033070821,28033,DeSoto,28,MS,Delta,True,False,,5699.0,34.947887,-89.820283
120,28033070811,28033,DeSoto,28,MS,Delta,True,False,,5799.0,34.982568,-89.845661
199,28047001302,28047,Harrison,28,MS,Gulf Coast,False,True,,1806.0,30.394821,-88.976079
121,28033070812,28033,DeSoto,28,MS,Delta,True,False,,5894.0,34.974943,-89.811595
123,28033070822,28033,DeSoto,28,MS,Delta,True,False,,4856.0,34.95491,-89.805705
126,28033071001,28033,DeSoto,28,MS,Delta,True,False,,6459.0,34.850352,-89.961429
127,28033071002,28033,DeSoto,28,MS,Delta,True,False,,5568.0,34.821172,-89.929245
200,28047001401,28047,Harrison,28,MS,Gulf Coast,False,True,,1146.0,30.387454,-89.015118
213,28047002002,28047,Harrison,28,MS,Gulf Coast,False,True,,2001.0,30.388667,-89.082081
128,28033071121,28033,DeSoto,28,MS,Delta,True,False,,4911.0,34.854613,-89.992437
129,28033071122,28033,DeSoto,28,MS,Delta,True,False,,2352.0,34.849302,-90.035699
130,28033071123,28033,DeSoto,28,MS,Delta,True,False,,3961.0,34.773266,-90.060045
133,28035000200,28035,Forrest,28,MS,Pine Belt,False,False,,2728.0,31.319554,-89.301867
131,28033071124,28033,DeSoto,28,MS,Delta,True,False,,4104.0,34.793318,-89.981049
132,28033071200,28033,DeSoto,28,MS,Delta,True,False,,3122.0,34.81288,-90.153002
134,28035000300,28035,Forrest,28,MS,Pine Belt,False,False,,3183.0,31.328557,-89.312782
136,28035000601,28035,Forrest,28,MS,Pine Belt,False,False,,2607.0,31.310114,-89.2971
137,28035000602,28035,Forrest,28,MS,Pine Belt,False,False,,3830.0,31.294669,-89.301981
135,28035000500,28035,Forrest,28,MS,Pine Belt,False,False,,1400.0,31.319783,-89.278798
156,28037950200,28037,Franklin,28,MS,Other,False,False,,2719.0,31.479041,-91.041319
157,28039950101,28039,George,28,MS,Other,False,False,,6294.0,30.817449,-88.493648
158,28039950102,28039,George,28,MS,Other,False,False,,5489.0,30.947395,-88.518502
159,28039950200,28039,George,28,MS,Other,False,False,,2978.0,30.921561,-88.597896
138,28035000700,28035,Forrest,28,MS,Pine Belt,False,False,,3079.0,31.311988,-89.321451
160,28039950302,28039,George,28,MS,Other,False,False,,3581.0,30.918707,-88.758611
161,28039950303,28039,George,28,MS,Other,False,False,,3057.0,30.851175,-88.732899
162,28039950304,28039,George,28,MS,Other,False,False,,3148.0,30.763457,-88.693712
163,28041950101,28041,Greene,28,MS,Other,False,False,,2173.0,31.298008,-88.757174
164,28041950102,28041,Greene,28,MS,Other,False,False,,6416.0,31.297267,-88.54798
165,28041950201,28041,Greene,28,MS,Other,False,False,,2463.0,31.05692,-88.602803
166,28041950202,28041,Greene,28,MS,Other,False,False,,2620.0,31.130031,-88.691166
167,28043950101,28043,Grenada,28,MS,Other,False,False,,2060.0,33.789174,-89.70212
168,28043950102,28043,Grenada,28,MS,Other,False,False,,3990.0,33.731038,-89.589163
169,28043950201,28043,Grenada,28,MS,Other,False,False,,1740.0,33.840059,-89.868144
170,28043950202,28043,Grenada,28,MS,Other,False,False,,2980.0,33.729998,-89.983516
171,28043950300,28043,Grenada,28,MS,Other,False,False,,2995.0,33.783731,-89.825486
139,28035000800,28035,Forrest,28,MS,Pine Belt,False,False,,6354.0,31.300424,-89.337683
140,28035000900,28035,Forrest,28,MS,Pine Belt,False,False,,4402.0,31.3305,-89.335994
174,28045030101,28045,Hancock,28,MS,Gulf Coast,False,True,,1824.0,30.300983,-89.337026
208,28047001702,28047,Harrison,28,MS,Gulf Coast,False,True,,1679.0,30.40024,-89.041244
141,28035001000,28035,Forrest,28,MS,Pine Belt,False,False,,3950.0,31.34192,-89.341375
142,28035001100,28035,Forrest,28,MS,Pine Belt,False,False,,4123.0,31.348255,-89.321256
143,28035010101,28035,Forrest,28,MS,Pine Belt,False,False,,6863.0,31.291017,-89.18985
175,28045030102,28045,Hancock,28,MS,Gulf Coast,False,True,,3586.0,30.314039,-89.331807
176,28045030201,28045,Hancock,28,MS,Gulf Coast,False,True,,1301.0,30.262158,-89.416682
144,28035010103,28035,Forrest,28,MS,Pine Belt,False,False,,2467.0,31.385854,-89.175153
145,28035010104,28035,Forrest,28,MS,Pine Belt,False,False,,3745.0,31.409645,-89.243241
146,28035010201,28035,Forrest,28,MS,Pine Belt,False,False,,3516.0,31.378321,-89.409799
147,28035010202,28035,Forrest,28,MS,Pine Belt,False,False,,3027.0,31.396612,-89.340474
148,28035010300,28035,Forrest,28,MS,Pine Belt,False,False,,3571.0,31.366731,-89.243929
149,28035010400,28035,Forrest,28,MS,Pine Belt,False,False,,4651.0,31.325514,-89.246088
150,28035010500,28035,Forrest,28,MS,Pine Belt,False,False,,4863.0,31.269412,-89.277505
151,28035010601,28035,Forrest,28,MS,Pine Belt,False,False,,3613.0,31.148972,-89.281607
152,28035010602,28035,Forrest,28,MS,Pine Belt,False,False,,4673.0,31.050397,-89.235439
153,28035010700,28035,Forrest,28,MS,Pine Belt,False,False,,1272.0,31.337536,-89.292045
154,28037950101,28037,Franklin,28,MS,Other,False,False,,2260.0,31.479768,-90.878283
155,28037950102,28037,Franklin,28,MS,Other,False,False,,2711.0,31.483216,-90.769917
172,28043950400,28043,Grenada,28,MS,Other,False,False,,2447.0,33.788542,-89.804954
173,28043950500,28043,Grenada,28,MS,Other,False,False,,5262.0,33.752936,-89.81667
177,28045030202,28045,Hancock,28,MS,Gulf Coast,False,True,,1089.0,30.278487,-89.372486
178,28045030203,28045,Hancock,28,MS,Gulf Coast,False,True,,3611.0,30.296858,-89.385265
179,28045030301,28045,Hancock,28,MS,Gulf Coast,False,True,,1908.0,30.33842,-89.351326
192,28047000900,28047,Harrison,28,MS,Gulf Coast,False,True,,3137.0,30.407735,-88.924686
180,28045030302,28045,Hancock,28,MS,Gulf Coast,False,True,,2426.0,30.324786,-89.394722
214,28047002300,28047,Harrison,28,MS,Gulf Coast,False,True,,1799.0,30.373996,-89.103541
181,28045030303,28045,Hancock,28,MS,Gulf Coast,False,True,,3016.0,30.286089,-89.435023
182,28045030304,28045,Hancock,28,MS,Gulf Coast,False,True,,1799.0,30.308193,-89.413423
183,28045030400,28045,Hancock,28,MS,Gulf Coast,False,True,,1998.0,30.259963,-89.521951
184,28045030501,28045,Hancock,28,MS,Gulf Coast,False,True,,2189.0,30.393322,-89.376787
193,28047001203,28047,Harrison,28,MS,Gulf Coast,False,True,,2140.0,30.413215,-88.957928
194,28047001204,28047,Harrison,28,MS,Gulf Coast,False,True,,3129.0,30.406068,-88.965599
185,28045030502,28045,Hancock,28,MS,Gulf Coast,False,True,,2379.0,30.389637,-89.372647
186,28045030503,28045,Hancock,28,MS,Gulf Coast,False,True,,4823.0,30.365344,-89.369652
187,28045030603,28045,Hancock,28,MS,Gulf Coast,False,True,,2696.0,30.565543,-89.385723
188,28045030604,28045,Hancock,28,MS,Gulf Coast,False,True,,5012.0,30.564673,-89.485721
189,28045030605,28045,Hancock,28,MS,Gulf Coast,False,True,,4542.0,30.463108,-89.409094
190,28045030606,28045,Hancock,28,MS,Gulf Coast,False,True,,1811.0,30.407224,-89.559314
191,28047000600,28047,Harrison,28,MS,Gulf Coast,False,True,,1537.0,30.394776,-88.915221
201,28047001402,28047,Harrison,28,MS,Gulf Coast,False,True,,825.0,30.373939,-89.065707
202,28047001503,28047,Harrison,28,MS,Gulf Coast,False,True,,1780.0,30.394044,-89.020537
203,28047001504,28047,Harrison,28,MS,Gulf Coast,False,True,,1668.0,30.395637,-89.011085
204,28047001505,28047,Harrison,28,MS,Gulf Coast,False,True,,2151.0,30.416496,-89.027201
209,28047001703,28047,Harrison,28,MS,Gulf Coast,False,True,,2451.0,30.388098,-89.051661
210,28047001800,28047,Harrison,28,MS,Gulf Coast,False,True,,2595.0,30.41265,-89.087533
205,28047001506,28047,Harrison,28,MS,Gulf Coast,False,True,,2722.0,30.407658,-89.012928
206,28047001600,28047,Harrison,28,MS,Gulf Coast,False,True,,4069.0,30.413662,-89.051828
207,28047001701,28047,Harrison,28,MS,Gulf Coast,False,True,,2281.0,30.394256,-89.037253
215,28047002401,28047,Harrison,28,MS,Gulf Coast,False,True,,1590.0,30.391386,-89.124868
216,28047002402,28047,Harrison,28,MS,Gulf Coast,False,True,,2414.0,30.39694,-89.105131
217,28047002500,28047,Harrison,28,MS,Gulf Coast,False,True,,1646.0,30.379401,-89.125086
218,28047002600,28047,Harrison,28,MS,Gulf Coast,False,True,,4458.0,30.366665,-89.122605
219,28047002701,28047,Harrison,28,MS,Gulf Coast,False,True,,2848.0,30.349176,-89.168476
220,28047002702,28047,Harrison,28,MS,Gulf Coast,False,True,,2973.0,30.358691,-89.145616
221,28047002801,28047,Harrison,28,MS,Gulf Coast,False,True,,1843.0,30.342833,-89.154308
222,28047002802,28047,Harrison,28,MS,Gulf Coast,False,True,,1373.0,30.348257,-89.149291
223,28047002900,28047,Harrison,28,MS,Gulf Coast,False,True,,1635.0,30.330575,-89.190564
224,28047003001,28047,Harrison,28,MS,Gulf Coast,False,True,,2311.0,30.334597,-89.242306
225,28047003002,28047,Harrison,28,MS,Gulf Coast,False,True,,1984.0,30.324992,-89.285032
230,28047003107,28047,Harrison,28,MS,Gulf Coast,False,True,,3008.0,30.37387,-89.159351
231,28047003208,28047,Harrison,28,MS,Gulf Coast,False,True,,3983.0,30.431179,-89.029743
232,28047003209,28047,Harrison,28,MS,Gulf Coast,False,True,,5949.0,30.522465,-89.078796
233,28047003210,28047,Harrison,28,MS,Gulf Coast,False,True,,1744.0,30.453068,-89.079538
226,28047003103,28047,Harrison,28,MS,Gulf Coast,False,True,,3133.0,30.40851,-89.144978
227,28047003104,28047,Harrison,28,MS,Gulf Coast,False,True,,3116.0,30.388898,-89.287439
239,28047003216,28047,Harrison,28,MS,Gulf Coast,False,True,,2515.0,30.503597,-89.08864
267,28047003800,28047,Harrison,28,MS,Gulf Coast,False,True,,1189.0,30.357759,-89.113071
228,28047003105,28047,Harrison,28,MS,Gulf Coast,False,True,,4146.0,30.389259,-89.212137
229,28047003106,28047,Harrison,28,MS,Gulf Coast,False,True,,2662.0,30.3581,-89.175795
247,28047003311,28047,Harrison,28,MS,Gulf Coast,False,True,,2832.0,30.448557,-88.931282
234,28047003211,28047,Harrison,28,MS,Gulf Coast,False,True,,1984.0,30.443082,-89.088998
235,28047003212,28047,Harrison,28,MS,Gulf Coast,False,True,,1796.0,30.461569,-89.076991
236,28047003213,28047,Harrison,28,MS,Gulf Coast,False,True,,3673.0,30.46435,-89.097235
237,28047003214,28047,Harrison,28,MS,Gulf Coast,False,True,,1766.0,30.443498,-89.066534
238,28047003215,28047,Harrison,28,MS,Gulf Coast,False,True,,5392.0,30.458975,-89.051972
240,28047003217,28047,Harrison,28,MS,Gulf Coast,False,True,,2499.0,30.480498,-89.078871
241,28047003305,28047,Harrison,28,MS,Gulf Coast,False,True,,1992.0,30.436101,-88.88603
242,28047003306,28047,Harrison,28,MS,Gulf Coast,False,True,,1721.0,30.437846,-88.897926
243,28047003307,28047,Harrison,28,MS,Gulf Coast,False,True,,526.0,30.454297,-88.90135
244,28047003308,28047,Harrison,28,MS,Gulf Coast,False,True,,4598.0,30.437092,-88.90879
248,28047003312,28047,Harrison,28,MS,Gulf Coast,False,True,,2524.0,30.443388,-88.963273
268,28047003901,28047,Harrison,28,MS,Gulf Coast,False,True,,1064.0,30.410159,-88.890084
245,28047003309,28047,Harrison,28,MS,Gulf Coast,False,True,,3835.0,30.432127,-88.923861
246,28047003310,28047,Harrison,28,MS,Gulf Coast,False,True,,1310.0,30.432738,-88.949109
249,28047003313,28047,Harrison,28,MS,Gulf Coast,False,True,,2130.0,30.429776,-88.976784
250,28047003403,28047,Harrison,28,MS,Gulf Coast,False,True,,3055.0,30.500356,-89.014159
251,28047003405,28047,Harrison,28,MS,Gulf Coast,False,True,,5081.0,30.525315,-88.918633
252,28047003406,28047,Harrison,28,MS,Gulf Coast,False,True,,3374.0,30.485068,-88.946264
253,28047003407,28047,Harrison,28,MS,Gulf Coast,False,True,,4421.0,30.464932,-88.983402
254,28047003408,28047,Harrison,28,MS,Gulf Coast,False,True,,2408.0,30.610577,-88.978119
255,28047003409,28047,Harrison,28,MS,Gulf Coast,False,True,,3831.0,30.587118,-89.093275
256,28047003506,28047,Harrison,28,MS,Gulf Coast,False,True,,2561.0,30.622677,-89.22234
266,28047003700,28047,Harrison,28,MS,Gulf Coast,False,True,,3504.0,30.406317,-88.940636
257,28047003507,28047,Harrison,28,MS,Gulf Coast,False,True,,3417.0,30.490491,-89.12756
258,28047003508,28047,Harrison,28,MS,Gulf Coast,False,True,,3837.0,30.48743,-89.197349
259,28047003509,28047,Harrison,28,MS,Gulf Coast,False,True,,4918.0,30.442417,-89.119766
260,28047003510,28047,Harrison,28,MS,Gulf Coast,False,True,,4237.0,30.45162,-89.168974
261,28047003511,28047,Harrison,28,MS,Gulf Coast,False,True,,2317.0,30.507738,-89.314881
262,28047003512,28047,Harrison,28,MS,Gulf Coast,False,True,,2438.0,30.486658,-89.261125
263,28047003513,28047,Harrison,28,MS,Gulf Coast,False,True,,1308.0,30.552311,-89.218386
264,28047003514,28047,Harrison,28,MS,Gulf Coast,False,True,,6099.0,30.552649,-89.159092
265,28047003600,28047,Harrison,28,MS,Gulf Coast,False,True,,1083.0,30.37265,-88.841513
269,28047003902,28047,Harrison,28,MS,Gulf Coast,False,True,,2259.0,30.416482,-88.910278
270,28047004000,28047,Harrison,28,MS,Gulf Coast,False,True,,2151.0,30.406945,-88.868882
271,28047980000,28047,Harrison,28,MS,Gulf Coast,False,True,,39.0,30.410429,-89.070135
272,28049000100,28049,Hinds,28,MS,Jackson Metro,False,False,,4524.0,32.375894,-90.133138
274,28049000301,28049,Hinds,28,MS,Jackson Metro,False,False,,1994.0,32.366523,-90.163403
273,28049000200,28049,Hinds,28,MS,Jackson Metro,False,False,,4870.0,32.359787,-90.130254
275,28049000302,28049,Hinds,28,MS,Jackson Metro,False,False,,4381.0,32.370079,-90.154761
276,28049000400,28049,Hinds,28,MS,Jackson Metro,False,False,,2964.0,32.354167,-90.164152
277,28049000500,28049,Hinds,28,MS,Jackson Metro,False,False,,5321.0,32.360787,-90.182419
281,28049000900,28049,Hinds,28,MS,Jackson Metro,False,False,,1663.0,32.343647,-90.209824
278,28049000600,28049,Hinds,28,MS,Jackson Metro,False,False,,3337.0,32.350022,-90.20384
282,28049001000,28049,Hinds,28,MS,Jackson Metro,False,False,,1341.0,32.330571,-90.208956
279,28049000700,28049,Hinds,28,MS,Jackson Metro,False,False,,5193.0,32.347243,-90.258131
287,28049001500,28049,Hinds,28,MS,Jackson Metro,False,False,,2820.0,32.31949,-90.169263
280,28049000800,28049,Hinds,28,MS,Jackson Metro,False,False,,3880.0,32.34018,-90.226823
338,28049011600,28049,Hinds,28,MS,Jackson Metro,False,False,,2419.0,32.319809,-90.202494
339,28051950100,28051,Holmes,28,MS,Delta,True,False,,3501.0,33.140771,-89.882212
283,28049001100,28049,Hinds,28,MS,Jackson Metro,False,False,,1643.0,32.329426,-90.195526
284,28049001200,28049,Hinds,28,MS,Jackson Metro,False,False,,1218.0,32.34186,-90.188061
340,28051950200,28051,Holmes,28,MS,Delta,True,False,,3347.0,33.19988,-90.04482
285,28049001300,28049,Hinds,28,MS,Jackson Metro,False,False,,3800.0,32.33782,-90.172137
293,28049002500,28049,Hinds,28,MS,Jackson Metro,False,False,,2136.0,32.3082,-90.208402
294,28049002700,28049,Hinds,28,MS,Jackson Metro,False,False,,981.0,32.293671,-90.173507
286,28049001400,28049,Hinds,28,MS,Jackson Metro,False,False,,3187.0,32.33606,-90.128791
341,28051950300,28051,Holmes,28,MS,Delta,True,False,,2720.0,33.242872,-90.235842
342,28051950400,28051,Holmes,28,MS,Delta,True,False,,2484.0,33.044815,-90.226302
343,28051950501,28051,Holmes,28,MS,Delta,True,False,,2988.0,32.938248,-89.941417
344,28051950502,28051,Holmes,28,MS,Delta,True,False,,1808.0,32.995314,-90.028647
345,28053950100,28053,Humphreys,28,MS,Delta,True,False,,1969.0,33.210224,-90.458865
346,28053950200,28053,Humphreys,28,MS,Delta,True,False,,1853.0,33.076378,-90.575106
288,28049001600,28049,Hinds,28,MS,Jackson Metro,False,False,,3656.0,32.320817,-90.182454
364,28059040301,28059,Jackson,28,MS,Gulf Coast,False,True,,5717.0,30.448602,-88.868959
289,28049002100,28049,Hinds,28,MS,Jackson Metro,False,False,,2883.0,32.315439,-90.224296
290,28049002200,28049,Hinds,28,MS,Jackson Metro,False,False,,2249.0,32.323049,-90.236791
291,28049002300,28049,Hinds,28,MS,Jackson Metro,False,False,,2617.0,32.314451,-90.245678
296,28049003200,28049,Hinds,28,MS,Jackson Metro,False,False,,942.0,32.293259,-90.222187
292,28049002400,28049,Hinds,28,MS,Jackson Metro,False,False,,3762.0,32.30316,-90.230112
305,28049010104,28049,Hinds,28,MS,Jackson Metro,False,False,,1930.0,32.39474,-90.11612
295,28049003000,28049,Hinds,28,MS,Jackson Metro,False,False,,1676.0,32.279582,-90.202207
365,28059040302,28059,Jackson,28,MS,Gulf Coast,False,True,,2126.0,30.435568,-88.854731
297,28049003300,28049,Hinds,28,MS,Jackson Metro,False,False,,5154.0,32.281377,-90.239463
390,28059042100,28059,Jackson,28,MS,Gulf Coast,False,True,,3318.0,30.358431,-88.521127
298,28049003400,28049,Hinds,28,MS,Jackson Metro,False,False,,2296.0,32.280884,-90.221991
309,28049010301,28049,Hinds,28,MS,Jackson Metro,False,False,,2958.0,32.365904,-90.262379
310,28049010304,28049,Hinds,28,MS,Jackson Metro,False,False,,6842.0,32.373609,-90.305428
299,28049003500,28049,Hinds,28,MS,Jackson Metro,False,False,,3510.0,32.262729,-90.222553
300,28049003600,28049,Hinds,28,MS,Jackson Metro,False,False,,2959.0,32.263123,-90.245748
301,28049003700,28049,Hinds,28,MS,Jackson Metro,False,False,,2640.0,32.250578,-90.234996
317,28049010801,28049,Hinds,28,MS,Jackson Metro,False,False,,1409.0,32.307258,-90.288716
302,28049003800,28049,Hinds,28,MS,Jackson Metro,False,False,,2356.0,32.245301,-90.221633
303,28049010102,28049,Hinds,28,MS,Jackson Metro,False,False,,4604.0,32.3913,-90.132903
304,28049010103,28049,Hinds,28,MS,Jackson Metro,False,False,,4548.0,32.386516,-90.099025
306,28049010201,28049,Hinds,28,MS,Jackson Metro,False,False,,2775.0,32.385807,-90.161733
369,28059040600,28059,Jackson,28,MS,Gulf Coast,False,True,,5331.0,30.402704,-88.788647
307,28049010202,28049,Hinds,28,MS,Jackson Metro,False,False,,4975.0,32.38439,-90.183869
318,28049010804,28049,Hinds,28,MS,Jackson Metro,False,False,,1745.0,32.3251,-90.312891
308,28049010203,28049,Hinds,28,MS,Jackson Metro,False,False,,3040.0,32.379229,-90.217711
311,28049010305,28049,Hinds,28,MS,Jackson Metro,False,False,,3843.0,32.335901,-90.302686
319,28049010805,28049,Hinds,28,MS,Jackson Metro,False,False,,3843.0,32.31908,-90.336575
320,28049010806,28049,Hinds,28,MS,Jackson Metro,False,False,,4242.0,32.299066,-90.33927
321,28049010807,28049,Hinds,28,MS,Jackson Metro,False,False,,2955.0,32.221653,-90.341637
312,28049010400,28049,Hinds,28,MS,Jackson Metro,False,False,,4275.0,32.347166,-90.347569
313,28049010501,28049,Hinds,28,MS,Jackson Metro,False,False,,4325.0,32.431434,-90.303581
314,28049010502,28049,Hinds,28,MS,Jackson Metro,False,False,,4027.0,32.403091,-90.423969
315,28049010600,28049,Hinds,28,MS,Jackson Metro,False,False,,4456.0,32.354571,-90.57349
316,28049010700,28049,Hinds,28,MS,Jackson Metro,False,False,,6752.0,32.225111,-90.444671
322,28049010808,28049,Hinds,28,MS,Jackson Metro,False,False,,4633.0,32.282362,-90.299121
385,28059041600,28059,Jackson,28,MS,Gulf Coast,False,True,,2042.0,30.410817,-88.504172
323,28049010809,28049,Hinds,28,MS,Jackson Metro,False,False,,2236.0,32.267189,-90.319813
394,28059042600,28059,Jackson,28,MS,Gulf Coast,False,True,,2306.0,30.343611,-88.515345
324,28049010901,28049,Hinds,28,MS,Jackson Metro,False,False,,2587.0,32.322466,-90.278794
386,28059041700,28059,Jackson,28,MS,Gulf Coast,False,True,,1711.0,30.39672,-88.509011
325,28049010902,28049,Hinds,28,MS,Jackson Metro,False,False,,1327.0,32.301834,-90.267439
327,28049011002,28049,Hinds,28,MS,Jackson Metro,False,False,,4032.0,32.261027,-90.26513
326,28049011001,28049,Hinds,28,MS,Jackson Metro,False,False,,5260.0,32.281936,-90.267921
418,28067950401,28067,Jones,28,MS,Pine Belt,False,False,,4474.0,31.729684,-89.161044
419,28067950402,28067,Jones,28,MS,Pine Belt,False,False,,4967.0,31.730195,-89.127458
420,28067950500,28067,Jones,28,MS,Pine Belt,False,False,,4021.0,31.702334,-89.151446
421,28067950601,28067,Jones,28,MS,Pine Belt,False,False,,4556.0,31.655005,-89.158183
422,28067950602,28067,Jones,28,MS,Pine Belt,False,False,,1785.0,31.669198,-89.173759
423,28067950700,28067,Jones,28,MS,Pine Belt,False,False,,3977.0,31.686712,-89.103462
424,28067950801,28067,Jones,28,MS,Pine Belt,False,False,,2696.0,31.706603,-88.996798
425,28067950802,28067,Jones,28,MS,Pine Belt,False,False,,1774.0,31.653796,-89.015796
426,28067950901,28067,Jones,28,MS,Pine Belt,False,False,,3785.0,31.590623,-89.071504
427,28067950902,28067,Jones,28,MS,Pine Belt,False,False,,4637.0,31.491996,-89.083937
428,28067951000,28067,Jones,28,MS,Pine Belt,False,False,,4111.0,31.602317,-89.197572
328,28049011101,28049,Hinds,28,MS,Jackson Metro,False,False,,2642.0,32.247093,-90.270629
329,28049011103,28049,Hinds,28,MS,Jackson Metro,False,False,,6048.0,32.203333,-90.230766
330,28049011104,28049,Hinds,28,MS,Jackson Metro,False,False,,5673.0,32.213573,-90.280723
331,28049011105,28049,Hinds,28,MS,Jackson Metro,False,False,,4962.0,32.220453,-90.257773
332,28049011201,28049,Hinds,28,MS,Jackson Metro,False,False,,2170.0,32.097363,-90.448376
333,28049011203,28049,Hinds,28,MS,Jackson Metro,False,False,,4535.0,32.173086,-90.334178
334,28049011204,28049,Hinds,28,MS,Jackson Metro,False,False,,4429.0,32.106057,-90.292595
335,28049011300,28049,Hinds,28,MS,Jackson Metro,False,False,,3977.0,32.149579,-90.637435
429,28067951101,28067,Jones,28,MS,Pine Belt,False,False,,2611.0,31.579196,-89.311175
430,28067951102,28067,Jones,28,MS,Pine Belt,False,False,,4539.0,31.490801,-89.326319
336,28049011400,28049,Hinds,28,MS,Jackson Metro,False,False,,915.0,32.311377,-90.188003
337,28049011500,28049,Hinds,28,MS,Jackson Metro,False,False,,3199.0,32.295257,-90.206641
347,28053950300,28053,Humphreys,28,MS,Delta,True,False,,3922.0,33.188935,-90.486863
348,28055950100,28055,Issaquena,28,MS,Delta,True,False,,1206.0,32.755539,-91.003535
349,28057950100,28057,Itawamba,28,MS,Other,False,False,,5674.0,34.386265,-88.313816
350,28057950201,28057,Itawamba,28,MS,Other,False,False,,2580.0,34.407628,-88.490102
351,28057950202,28057,Itawamba,28,MS,Other,False,False,,3731.0,34.296984,-88.498147
352,28057950300,28057,Itawamba,28,MS,Other,False,False,,3787.0,34.267495,-88.400177
353,28057950400,28057,Itawamba,28,MS,Other,False,False,,4419.0,34.22431,-88.274301
354,28057950500,28057,Itawamba,28,MS,Other,False,False,,3697.0,34.177735,-88.472713
355,28059040103,28059,Jackson,28,MS,Gulf Coast,False,True,,4035.0,30.587221,-88.540666
356,28059040104,28059,Jackson,28,MS,Gulf Coast,False,True,,3372.0,30.667776,-88.584132
357,28059040105,28059,Jackson,28,MS,Gulf Coast,False,True,,4632.0,30.552965,-88.448926
358,28059040106,28059,Jackson,28,MS,Gulf Coast,False,True,,2326.0,30.68911,-88.454379
359,28059040203,28059,Jackson,28,MS,Gulf Coast,False,True,,5654.0,30.505353,-88.772888
360,28059040205,28059,Jackson,28,MS,Gulf Coast,False,True,,3871.0,30.539237,-88.634814
361,28059040206,28059,Jackson,28,MS,Gulf Coast,False,True,,5316.0,30.611822,-88.761584
389,28059042000,28059,Jackson,28,MS,Gulf Coast,False,True,,5214.0,30.378994,-88.514982
362,28059040207,28059,Jackson,28,MS,Gulf Coast,False,True,,4372.0,30.474911,-88.857868
375,28059040902,28059,Jackson,28,MS,Gulf Coast,False,True,,4949.0,30.388941,-88.737773
363,28059040208,28059,Jackson,28,MS,Gulf Coast,False,True,,2594.0,30.519284,-88.849192
366,28059040401,28059,Jackson,28,MS,Gulf Coast,False,True,,4716.0,30.442395,-88.785283
379,28059041101,28059,Jackson,28,MS,Gulf Coast,False,True,,2716.0,30.369451,-88.637264
367,28059040402,28059,Jackson,28,MS,Gulf Coast,False,True,,3976.0,30.430111,-88.826663
368,28059040500,28059,Jackson,28,MS,Gulf Coast,False,True,,3568.0,30.40852,-88.828964
803,28143980000,28143,Tunica,28,MS,Delta,True,False,,49.0,34.697827,-90.345791
370,28059040701,28059,Jackson,28,MS,Gulf Coast,False,True,,3843.0,30.415864,-88.742423
380,28059041102,28059,Jackson,28,MS,Gulf Coast,False,True,,3329.0,30.37005,-88.664706
381,28059041301,28059,Jackson,28,MS,Gulf Coast,False,True,,4402.0,30.460528,-88.548792
804,28145950100,28145,Union,28,MS,Other,False,False,,4047.0,34.544869,-88.889068
805,28145950200,28145,Union,28,MS,Other,False,False,,5555.0,34.546498,-89.179789
806,28145950300,28145,Union,28,MS,Other,False,False,,4549.0,34.48641,-89.04111
807,28145950400,28145,Union,28,MS,Other,False,False,,3553.0,34.502135,-88.980227
808,28145950500,28145,Union,28,MS,Other,False,False,,6435.0,34.428291,-88.89617
371,28059040702,28059,Jackson,28,MS,Gulf Coast,False,True,,6398.0,30.420606,-88.766137
372,28059040801,28059,Jackson,28,MS,Gulf Coast,False,True,,3140.0,30.463091,-88.698531
373,28059040802,28059,Jackson,28,MS,Gulf Coast,False,True,,4329.0,30.455606,-88.637161
384,28059041500,28059,Jackson,28,MS,Gulf Coast,False,True,,1202.0,30.409546,-88.529669
809,28145950600,28145,Union,28,MS,Other,False,False,,3741.0,34.410292,-89.130965
810,28147950101,28147,Walthall,28,MS,Other,False,False,,3385.0,31.296758,-90.159049
811,28147950102,28147,Walthall,28,MS,Other,False,False,,2423.0,31.183188,-90.167434
812,28147950200,28147,Walthall,28,MS,Other,False,False,,2434.0,31.121785,-90.151426
813,28147950301,28147,Walthall,28,MS,Other,False,False,,3352.0,31.071385,-89.982272
814,28147950302,28147,Walthall,28,MS,Other,False,False,,2294.0,31.060489,-90.16437
815,28149950101,28149,Warren,28,MS,Delta,True,False,,2644.0,32.478975,-91.027602
374,28059040901,28059,Jackson,28,MS,Gulf Coast,False,True,,5390.0,30.357577,-88.722618
376,28059040903,28059,Jackson,28,MS,Gulf Coast,False,True,,3127.0,30.368747,-88.766964
377,28059041001,28059,Jackson,28,MS,Gulf Coast,False,True,,2687.0,30.392203,-88.634957
378,28059041002,28059,Jackson,28,MS,Gulf Coast,False,True,,3530.0,30.415242,-88.630784
816,28149950102,28149,Warren,28,MS,Delta,True,False,,3060.0,32.505474,-90.660672
817,28149950200,28149,Warren,28,MS,Delta,True,False,,3405.0,32.363774,-90.851457
382,28059041302,28059,Jackson,28,MS,Gulf Coast,False,True,,1213.0,30.475576,-88.515515
383,28059041400,28059,Jackson,28,MS,Gulf Coast,False,True,,2697.0,30.409028,-88.55492
387,28059041800,28059,Jackson,28,MS,Gulf Coast,False,True,,2578.0,30.396136,-88.532006
388,28059041900,28059,Jackson,28,MS,Gulf Coast,False,True,,2334.0,30.381462,-88.541476
391,28059042201,28059,Jackson,28,MS,Gulf Coast,False,True,,2081.0,30.365469,-88.533544
392,28059042202,28059,Jackson,28,MS,Gulf Coast,False,True,,2969.0,30.367964,-88.541492
393,28059042500,28059,Jackson,28,MS,Gulf Coast,False,True,,1994.0,30.347638,-88.549086
395,28059042700,28059,Jackson,28,MS,Gulf Coast,False,True,,691.0,30.373899,-88.462982
396,28059042900,28059,Jackson,28,MS,Gulf Coast,False,True,,1925.0,30.334594,-88.571396
397,28061950101,28061,Jasper,28,MS,Other,False,False,,2754.0,32.117789,-89.182278
398,28061950102,28061,Jasper,28,MS,Other,False,False,,1487.0,32.118295,-88.977527
399,28061950200,28061,Jasper,28,MS,Other,False,False,,2066.0,31.99229,-89.277846
400,28061950301,28061,Jasper,28,MS,Other,False,False,,1553.0,31.88547,-89.284686
401,28061950302,28061,Jasper,28,MS,Other,False,False,,3444.0,31.902931,-89.202141
402,28061950401,28061,Jasper,28,MS,Other,False,False,,3405.0,31.878278,-88.980015
403,28061950402,28061,Jasper,28,MS,Other,False,False,,1611.0,31.9414,-89.050395
404,28063950101,28063,Jefferson,28,MS,Other,False,False,,1708.0,31.811258,-91.170124
405,28063950102,28063,Jefferson,28,MS,Other,False,False,,2184.0,31.68388,-91.150451
406,28063950103,28063,Jefferson,28,MS,Other,False,False,,1856.0,31.720601,-90.894187
407,28063950200,28063,Jefferson,28,MS,Other,False,False,,1459.0,31.708329,-91.065458
408,28065950101,28065,Jefferson Davis,28,MS,Other,False,False,,1421.0,31.664267,-89.938287
409,28065950102,28065,Jefferson Davis,28,MS,Other,False,False,,3260.0,31.663383,-89.802051
410,28065950201,28065,Jefferson Davis,28,MS,Other,False,False,,2923.0,31.501124,-89.679244
411,28065950202,28065,Jefferson Davis,28,MS,Other,False,False,,3687.0,31.493094,-89.881486
412,28067950101,28067,Jones,28,MS,Pine Belt,False,False,,4210.0,31.778694,-89.100481
413,28067950102,28067,Jones,28,MS,Pine Belt,False,False,,1840.0,31.772002,-88.997263
414,28067950201,28067,Jones,28,MS,Pine Belt,False,False,,2926.0,31.758606,-89.196785
415,28067950202,28067,Jones,28,MS,Pine Belt,False,False,,2039.0,31.770321,-89.303618
416,28067950301,28067,Jones,28,MS,Pine Belt,False,False,,4720.0,31.68041,-89.324015
417,28067950302,28067,Jones,28,MS,Pine Belt,False,False,,3484.0,31.684282,-89.220347
431,28067980000,28067,Jones,28,MS,Pine Belt,False,False,,0.0,31.468573,-89.334196
432,28069030100,28069,Kemper,28,MS,Other,False,False,,4941.0,32.754336,-88.526672
433,28069030200,28069,Kemper,28,MS,Other,False,False,,4039.0,32.749567,-88.764195
434,28071950100,28071,Lafayette,28,MS,Other,False,False,,4908.0,34.424296,-89.363485
466,28075000200,28075,Lauderdale,28,MS,Other,False,False,,2209.0,32.371493,-88.711074
435,28071950201,28071,Lafayette,28,MS,Other,False,False,,3690.0,34.380627,-89.498239
469,28075000402,28075,Lauderdale,28,MS,Other,False,False,,3476.0,32.387176,-88.678666
528,28083950700,28083,Leflore,28,MS,Delta,True,False,,1660.0,33.520572,-90.179643
436,28071950203,28071,Lafayette,28,MS,Other,False,False,,3146.0,34.3456,-89.526604
503,28081950203,28081,Lee,28,MS,Other,False,False,,1961.0,34.37245,-88.762919
504,28081950204,28081,Lee,28,MS,Other,False,False,,5564.0,34.358766,-88.707919
505,28081950301,28081,Lee,28,MS,Other,False,False,,4997.0,34.289563,-88.591578
506,28081950302,28081,Lee,28,MS,Other,False,False,,4245.0,34.214059,-88.606917
507,28081950401,28081,Lee,28,MS,Other,False,False,,4270.0,34.227632,-88.800248
508,28081950403,28081,Lee,28,MS,Other,False,False,,3286.0,34.330199,-88.783566
437,28071950204,28071,Lafayette,28,MS,Other,False,False,,2304.0,34.359754,-89.51642
522,28081980000,28081,Lee,28,MS,Other,False,False,,0.0,34.264748,-88.768227
523,28083950100,28083,Leflore,28,MS,Delta,True,False,,709.0,33.688564,-90.351216
438,28071950301,28071,Lafayette,28,MS,Other,False,False,,6487.0,34.361845,-89.546214
460,28073020308,28073,Lamar,28,MS,Pine Belt,False,False,,2297.0,31.332385,-89.360696
461,28073020401,28073,Lamar,28,MS,Pine Belt,False,False,,2088.0,31.107533,-89.420651
439,28071950303,28071,Lafayette,28,MS,Other,False,False,,2093.0,34.383166,-89.546006
462,28073020402,28073,Lamar,28,MS,Pine Belt,False,False,,4807.0,31.172263,-89.412319
463,28073020501,28073,Lamar,28,MS,Pine Belt,False,False,,4407.0,31.144388,-89.580086
464,28073020502,28073,Lamar,28,MS,Pine Belt,False,False,,3258.0,31.254973,-89.501651
465,28073020600,28073,Lamar,28,MS,Pine Belt,False,False,,3358.0,31.042474,-89.435393
524,28083950200,28083,Leflore,28,MS,Delta,True,False,,3254.0,33.622726,-90.184882
525,28083950300,28083,Leflore,28,MS,Delta,True,False,,3908.0,33.42543,-90.386859
526,28083950400,28083,Leflore,28,MS,Delta,True,False,,4617.0,33.43352,-90.211494
440,28071950304,28071,Lafayette,28,MS,Other,False,False,,2264.0,34.372837,-89.55676
441,28071950402,28071,Lafayette,28,MS,Other,False,False,,3732.0,34.462795,-89.588119
442,28071950403,28071,Lafayette,28,MS,Other,False,False,,3297.0,34.416466,-89.516798
443,28071950404,28071,Lafayette,28,MS,Other,False,False,,5883.0,34.388292,-89.589246
444,28071950502,28071,Lafayette,28,MS,Other,False,False,,2973.0,34.265621,-89.640597
445,28071950504,28071,Lafayette,28,MS,Other,False,False,,2831.0,34.314382,-89.607066
446,28071950505,28071,Lafayette,28,MS,Other,False,False,,3770.0,34.31133,-89.554363
447,28071950506,28071,Lafayette,28,MS,Other,False,False,,3612.0,34.310361,-89.491849
448,28071950507,28071,Lafayette,28,MS,Other,False,False,,5182.0,34.234354,-89.389171
449,28073020101,28073,Lamar,28,MS,Pine Belt,False,False,,2833.0,31.408065,-89.597322
450,28073020102,28073,Lamar,28,MS,Pine Belt,False,False,,7077.0,31.35541,-89.540727
451,28073020203,28073,Lamar,28,MS,Pine Belt,False,False,,3633.0,31.280318,-89.41093
452,28073020204,28073,Lamar,28,MS,Pine Belt,False,False,,4979.0,31.253602,-89.428994
453,28073020205,28073,Lamar,28,MS,Pine Belt,False,False,,4291.0,31.327408,-89.442517
454,28073020206,28073,Lamar,28,MS,Pine Belt,False,False,,4852.0,31.295277,-89.434046
455,28073020303,28073,Lamar,28,MS,Pine Belt,False,False,,3602.0,31.249331,-89.373592
456,28073020304,28073,Lamar,28,MS,Pine Belt,False,False,,4486.0,31.303007,-89.365402
457,28073020305,28073,Lamar,28,MS,Pine Belt,False,False,,3687.0,31.311996,-89.383837
529,28083950800,28083,Leflore,28,MS,Delta,True,False,,3742.0,33.5044,-90.195281
458,28073020306,28073,Lamar,28,MS,Pine Belt,False,False,,3448.0,31.3388,-89.38265
459,28073020307,28073,Lamar,28,MS,Pine Belt,False,False,,1322.0,31.335817,-89.35012
467,28075000300,28075,Lauderdale,28,MS,Other,False,False,,2039.0,32.385342,-88.709244
468,28075000401,28075,Lauderdale,28,MS,Other,False,False,,969.0,32.377421,-88.694946
470,28075000600,28075,Lauderdale,28,MS,Other,False,False,,1550.0,32.356499,-88.711864
471,28075000700,28075,Lauderdale,28,MS,Other,False,False,,3843.0,32.33723,-88.738474
530,28083950900,28083,Leflore,28,MS,Delta,True,False,,4392.0,33.512013,-90.164599
531,28085950100,28085,Lincoln,28,MS,Other,False,False,,4081.0,31.643745,-90.357366
532,28085950201,28085,Lincoln,28,MS,Other,False,False,,3527.0,31.640426,-90.607473
533,28085950202,28085,Lincoln,28,MS,Other,False,False,,2504.0,31.568383,-90.555651
534,28085950301,28085,Lincoln,28,MS,Other,False,False,,3133.0,31.539658,-90.346093
472,28075000800,28075,Lauderdale,28,MS,Other,False,False,,1485.0,32.371417,-88.726091
473,28075000900,28075,Lauderdale,28,MS,Other,False,False,,3958.0,32.384338,-88.739241
474,28075001000,28075,Lauderdale,28,MS,Other,False,False,,4304.0,32.415212,-88.717653
535,28085950302,28085,Lincoln,28,MS,Other,False,False,,4158.0,31.416714,-90.356061
536,28085950401,28085,Lincoln,28,MS,Other,False,False,,2617.0,31.416483,-90.515337
537,28085950402,28085,Lincoln,28,MS,Other,False,False,,4176.0,31.402786,-90.585751
538,28085950500,28085,Lincoln,28,MS,Other,False,False,,5218.0,31.597393,-90.444319
702,28119950200,28119,Quitman,28,MS,Delta,True,False,,1642.0,34.251318,-90.282626
703,28119950300,28119,Quitman,28,MS,Delta,True,False,,2827.0,34.166215,-90.2861
475,28075001101,28075,Lauderdale,28,MS,Other,False,False,,3168.0,32.401202,-88.690655
476,28075001102,28075,Lauderdale,28,MS,Other,False,False,,4453.0,32.421222,-88.681571
477,28075010203,28075,Lauderdale,28,MS,Other,False,False,,1802.0,32.531887,-88.440708
478,28075010204,28075,Lauderdale,28,MS,Other,False,False,,2980.0,32.437575,-88.552663
479,28075010205,28075,Lauderdale,28,MS,Other,False,False,,5538.0,32.503788,-88.651369
480,28075010206,28075,Lauderdale,28,MS,Other,False,False,,1776.0,32.528405,-88.568822
481,28075010301,28075,Lauderdale,28,MS,Other,False,False,,6352.0,32.510455,-88.767072
482,28075010303,28075,Lauderdale,28,MS,Other,False,False,,3843.0,32.419778,-88.873241
483,28075010304,28075,Lauderdale,28,MS,Other,False,False,,2743.0,32.528259,-88.876584
484,28075010400,28075,Lauderdale,28,MS,Other,False,False,,2691.0,32.306226,-88.845501
485,28075010501,28075,Lauderdale,28,MS,Other,False,False,,2630.0,32.275853,-88.620678
486,28075010502,28075,Lauderdale,28,MS,Other,False,False,,2968.0,32.291123,-88.71497
487,28075010601,28075,Lauderdale,28,MS,Other,False,False,,3493.0,32.290204,-88.553513
488,28075010602,28075,Lauderdale,28,MS,Other,False,False,,3405.0,32.352354,-88.499183
489,28075010700,28075,Lauderdale,28,MS,Other,False,False,,1049.0,32.364768,-88.689648
704,28121020101,28121,Rankin,28,MS,Jackson Metro,False,False,,6147.0,32.482508,-89.846164
490,28075980000,28075,Lauderdale,28,MS,Other,False,False,,17.0,32.334807,-88.750171
491,28077960100,28077,Lawrence,28,MS,Other,False,False,,3710.0,31.594893,-90.038161
492,28077960200,28077,Lawrence,28,MS,Other,False,False,,4117.0,31.625902,-90.177441
493,28077960300,28077,Lawrence,28,MS,Other,False,False,,4106.0,31.43094,-90.142532
494,28079040100,28079,Leake,28,MS,Other,False,False,,2618.0,32.851292,-89.427552
495,28079040401,28079,Leake,28,MS,Other,False,False,,3165.0,32.70302,-89.389102
496,28079040402,28079,Leake,28,MS,Other,False,False,,3031.0,32.631867,-89.442569
497,28079040500,28079,Leake,28,MS,Other,False,False,,2744.0,32.643883,-89.605353
498,28079040600,28079,Leake,28,MS,Other,False,False,,5678.0,32.751658,-89.542452
499,28079040700,28079,Leake,28,MS,Other,False,False,,4099.0,32.822315,-89.635175
500,28081950101,28081,Lee,28,MS,Other,False,False,,4838.0,34.454158,-88.714962
501,28081950102,28081,Lee,28,MS,Other,False,False,,3257.0,34.454097,-88.601101
502,28081950202,28081,Lee,28,MS,Other,False,False,,4925.0,34.349725,-88.621174
509,28081950404,28081,Lee,28,MS,Other,False,False,,4771.0,34.282003,-88.794816
510,28081950501,28081,Lee,28,MS,Other,False,False,,2231.0,34.28602,-88.710604
511,28081950502,28081,Lee,28,MS,Other,False,False,,3359.0,34.277229,-88.684565
512,28081950601,28081,Lee,28,MS,Other,False,False,,4661.0,34.276877,-88.747575
564,28089030110,28089,Madison,28,MS,Jackson Metro,False,False,,3234.0,32.438758,-90.092252
513,28081950602,28081,Lee,28,MS,Other,False,False,,3622.0,34.258898,-88.736473
514,28081950700,28081,Lee,28,MS,Other,False,False,,3598.0,34.231888,-88.693856
515,28081950800,28081,Lee,28,MS,Other,False,False,,3444.0,34.241672,-88.723839
527,28083950600,28083,Leflore,28,MS,Delta,True,False,,5638.0,33.533145,-90.197519
516,28081950901,28081,Lee,28,MS,Other,False,False,,2785.0,34.243285,-88.753137
517,28081950902,28081,Lee,28,MS,Other,False,False,,3543.0,34.226939,-88.739277
518,28081951001,28081,Lee,28,MS,Other,False,False,,3603.0,34.129911,-88.78189
519,28081951002,28081,Lee,28,MS,Other,False,False,,3939.0,34.18745,-88.72503
520,28081951101,28081,Lee,28,MS,Other,False,False,,2650.0,34.13344,-88.675431
521,28081951102,28081,Lee,28,MS,Other,False,False,,3794.0,34.144701,-88.58363
539,28085950601,28085,Lincoln,28,MS,Other,False,False,,3127.0,31.557528,-90.465597
540,28085950602,28085,Lincoln,28,MS,Other,False,False,,2314.0,31.56671,-90.435547
541,28087000102,28087,Lowndes,28,MS,Other,False,False,,2037.0,33.638249,-88.422778
542,28087000103,28087,Lowndes,28,MS,Other,False,False,,5380.0,33.677899,-88.311451
543,28087000104,28087,Lowndes,28,MS,Other,False,False,,1725.0,33.597351,-88.327427
544,28087000301,28087,Lowndes,28,MS,Other,False,False,,3211.0,33.546772,-88.395919
545,28087000302,28087,Lowndes,28,MS,Other,False,False,,3828.0,33.576949,-88.447038
546,28087000403,28087,Lowndes,28,MS,Other,False,False,,5220.0,33.400903,-88.36325
547,28087000404,28087,Lowndes,28,MS,Other,False,False,,3997.0,33.406461,-88.308543
548,28087000405,28087,Lowndes,28,MS,Other,False,False,,5940.0,33.54109,-88.318439
549,28087000406,28087,Lowndes,28,MS,Other,False,False,,2207.0,33.479057,-88.33336
565,28089030111,28089,Madison,28,MS,Jackson Metro,False,False,,2385.0,32.405731,-90.127178
550,28087000500,28087,Lowndes,28,MS,Other,False,False,,3832.0,33.506511,-88.377418
566,28089030112,28089,Madison,28,MS,Jackson Metro,False,False,,2775.0,32.407975,-90.113059
551,28087000600,28087,Lowndes,28,MS,Other,False,False,,3527.0,33.485735,-88.382221
567,28089030202,28089,Madison,28,MS,Jackson Metro,False,False,,5571.0,32.461276,-90.096088
552,28087000700,28087,Lowndes,28,MS,Other,False,False,,4944.0,33.479165,-88.418153
580,28089030502,28089,Madison,28,MS,Jackson Metro,False,False,,3120.0,32.629706,-90.05079
581,28089030600,28089,Madison,28,MS,Jackson Metro,False,False,,2989.0,32.624779,-90.003026
553,28087000800,28087,Lowndes,28,MS,Other,False,False,,2867.0,33.515209,-88.402627
582,28089030900,28089,Madison,28,MS,Jackson Metro,False,False,,6636.0,32.633364,-89.896676
583,28089031000,28089,Madison,28,MS,Jackson Metro,False,False,,2190.0,32.799679,-89.860752
584,28089031100,28089,Madison,28,MS,Jackson Metro,False,False,,2845.0,32.596788,-90.017014
585,28091950100,28091,Marion,28,MS,Other,False,False,,5212.0,31.346494,-89.777688
586,28091950200,28091,Marion,28,MS,Other,False,False,,3712.0,31.278826,-89.967739
554,28087000901,28087,Lowndes,28,MS,Other,False,False,,2169.0,33.522496,-88.461544
603,28095950201,28095,Monroe,28,MS,Other,False,False,,3532.0,33.950061,-88.621358
604,28095950202,28095,Monroe,28,MS,Other,False,False,,3480.0,34.04645,-88.580426
605,28095950300,28095,Monroe,28,MS,Other,False,False,,3360.0,34.002791,-88.47159
606,28095950400,28095,Monroe,28,MS,Other,False,False,,3130.0,33.975517,-88.479891
607,28095950501,28095,Monroe,28,MS,Other,False,False,,3022.0,33.759514,-88.37777
608,28095950502,28095,Monroe,28,MS,Other,False,False,,4193.0,33.887447,-88.378527
609,28095950600,28095,Monroe,28,MS,Other,False,False,,2874.0,33.772587,-88.601854
610,28095950700,28095,Monroe,28,MS,Other,False,False,,2243.0,33.843635,-88.565615
555,28087000902,28087,Lowndes,28,MS,Other,False,False,,2259.0,33.504804,-88.423702
556,28087001000,28087,Lowndes,28,MS,Other,False,False,,2428.0,33.452638,-88.549925
557,28087001100,28087,Lowndes,28,MS,Other,False,False,,1548.0,33.336278,-88.516955
611,28095950800,28095,Monroe,28,MS,Other,False,False,,2518.0,33.808965,-88.539981
612,28097950100,28097,Montgomery,28,MS,Other,False,False,,2749.0,33.583249,-89.617441
613,28097950200,28097,Montgomery,28,MS,Other,False,False,,2431.0,33.388234,-89.569088
614,28097950301,28097,Montgomery,28,MS,Other,False,False,,2216.0,33.500284,-89.759092
615,28097950302,28097,Montgomery,28,MS,Other,False,False,,2407.0,33.484209,-89.712933
616,28099010101,28099,Neshoba,28,MS,Other,False,False,,2534.0,32.774655,-88.997554
617,28099010102,28099,Neshoba,28,MS,Other,False,False,,2719.0,32.841876,-89.001684
618,28099010200,28099,Neshoba,28,MS,Other,False,False,,3038.0,32.880995,-89.17068
619,28099010400,28099,Neshoba,28,MS,Other,False,False,,3446.0,32.795682,-89.114528
558,28087980000,28087,Lowndes,28,MS,Other,False,False,,1428.0,33.64131,-88.451093
559,28089030104,28089,Madison,28,MS,Jackson Metro,False,False,,2282.0,32.420249,-90.116015
560,28089030105,28089,Madison,28,MS,Jackson Metro,False,False,,3505.0,32.412653,-90.143712
634,28105950102,28105,Oktibbeha,28,MS,Other,False,False,,3622.0,33.475592,-88.740361
635,28105950201,28105,Oktibbeha,28,MS,Other,False,False,,3611.0,33.453218,-88.899498
636,28105950202,28105,Oktibbeha,28,MS,Other,False,False,,4708.0,33.505865,-88.967966
637,28105950300,28105,Oktibbeha,28,MS,Other,False,False,,3527.0,33.488347,-88.831319
561,28089030107,28089,Madison,28,MS,Jackson Metro,False,False,,2505.0,32.42452,-90.082316
562,28089030108,28089,Madison,28,MS,Jackson Metro,False,False,,5220.0,32.403504,-90.08992
563,28089030109,28089,Madison,28,MS,Jackson Metro,False,False,,3711.0,32.439892,-90.128667
568,28089030203,28089,Madison,28,MS,Jackson Metro,False,False,,3227.0,32.478058,-90.123509
569,28089030204,28089,Madison,28,MS,Jackson Metro,False,False,,4113.0,32.48635,-90.133377
570,28089030205,28089,Madison,28,MS,Jackson Metro,False,False,,3262.0,32.441573,-90.172786
640,28105950500,28105,Oktibbeha,28,MS,Other,False,False,,4204.0,33.455891,-88.828848
571,28089030206,28089,Madison,28,MS,Jackson Metro,False,False,,1779.0,32.410124,-90.194399
641,28105950601,28105,Oktibbeha,28,MS,Other,False,False,,5472.0,33.42835,-88.795313
836,28151000900,28151,Washington,28,MS,Delta,True,False,,2491.0,33.391747,-91.050002
572,28089030207,28089,Madison,28,MS,Jackson Metro,False,False,,3404.0,32.458735,-90.055831
573,28089030208,28089,Madison,28,MS,Jackson Metro,False,False,,6097.0,32.504072,-90.032824
837,28151001000,28151,Washington,28,MS,Delta,True,False,,1220.0,33.402658,-91.052098
574,28089030301,28089,Madison,28,MS,Jackson Metro,False,False,,7322.0,32.503791,-90.1735
575,28089030302,28089,Madison,28,MS,Jackson Metro,False,False,,6788.0,32.535724,-90.314819
576,28089030401,28089,Madison,28,MS,Jackson Metro,False,False,,9840.0,32.555515,-90.076677
838,28151001100,28151,Washington,28,MS,Delta,True,False,,1584.0,33.405873,-91.041741
577,28089030402,28089,Madison,28,MS,Jackson Metro,False,False,,10513.0,32.542735,-90.178844
578,28089030403,28089,Madison,28,MS,Jackson Metro,False,False,,1543.0,32.644076,-90.138643
579,28089030501,28089,Madison,28,MS,Jackson Metro,False,False,,2401.0,32.607871,-90.050481
587,28091950300,28091,Marion,28,MS,Other,False,False,,2659.0,31.268629,-89.839952
588,28091950400,28091,Marion,28,MS,Other,False,False,,4125.0,31.249103,-89.816519
589,28091950500,28091,Marion,28,MS,Other,False,False,,4204.0,31.151661,-89.707775
590,28091950600,28091,Marion,28,MS,Other,False,False,,4450.0,31.127728,-89.873918
591,28093950101,28093,Marshall,28,MS,Other,False,False,,2402.0,34.926509,-89.43166
592,28093950102,28093,Marshall,28,MS,Other,False,False,,3464.0,34.935172,-89.561547
593,28093950201,28093,Marshall,28,MS,Other,False,False,,3724.0,34.871133,-89.656498
594,28093950202,28093,Marshall,28,MS,Other,False,False,,3813.0,34.947505,-89.680073
595,28093950301,28093,Marshall,28,MS,Other,False,False,,4259.0,34.744724,-89.608317
596,28093950302,28093,Marshall,28,MS,Other,False,False,,3875.0,34.830537,-89.537771
597,28093950401,28093,Marshall,28,MS,Other,False,False,,2654.0,34.778383,-89.470106
598,28093950402,28093,Marshall,28,MS,Other,False,False,,4617.0,34.761389,-89.432321
599,28093950501,28093,Marshall,28,MS,Other,False,False,,2164.0,34.639957,-89.58837
600,28093950502,28093,Marshall,28,MS,Other,False,False,,3008.0,34.654086,-89.378249
601,28095950101,28095,Monroe,28,MS,Other,False,False,,2951.0,34.049049,-88.308853
602,28095950102,28095,Monroe,28,MS,Other,False,False,,2865.0,33.968861,-88.381404
620,28099010500,28099,Neshoba,28,MS,Other,False,False,,3323.0,32.759199,-89.112797
621,28099010600,28099,Neshoba,28,MS,Other,False,False,,4994.0,32.660889,-89.029136
622,28099010700,28099,Neshoba,28,MS,Other,False,False,,4263.0,32.6736,-89.235568
623,28099940100,28099,Neshoba,28,MS,Other,False,False,,4653.0,32.788071,-89.245667
624,28101050100,28101,Newton,28,MS,Other,False,False,,3114.0,32.487816,-89.015613
625,28101050200,28101,Newton,28,MS,Other,False,False,,3926.0,32.521821,-89.206387
626,28101050301,28101,Newton,28,MS,Other,False,False,,3853.0,32.391285,-89.150449
627,28101050302,28101,Newton,28,MS,Other,False,False,,2592.0,32.42206,-89.276004
628,28101050400,28101,Newton,28,MS,Other,False,False,,4633.0,32.290806,-89.095058
629,28101050500,28101,Newton,28,MS,Other,False,False,,3157.0,32.320986,-89.162009
630,28103950100,28103,Noxubee,28,MS,Other,False,False,,4557.0,33.119399,-88.471364
631,28103950200,28103,Noxubee,28,MS,Other,False,False,,2613.0,33.115793,-88.703685
632,28103950300,28103,Noxubee,28,MS,Other,False,False,,3091.0,33.119162,-88.564037
633,28105950101,28105,Oktibbeha,28,MS,Other,False,False,,5724.0,33.511884,-88.738671
638,28105950401,28105,Oktibbeha,28,MS,Other,False,False,,4815.0,33.473046,-88.792922
639,28105950402,28105,Oktibbeha,28,MS,Other,False,False,,2514.0,33.486261,-88.811832
839,28151001200,28151,Washington,28,MS,Delta,True,False,,1736.0,33.40679,-91.030514
642,28105950603,28105,Oktibbeha,28,MS,Other,False,False,,2998.0,33.421896,-88.827968
643,28105950604,28105,Oktibbeha,28,MS,Other,False,False,,2744.0,33.445697,-88.826304
644,28105950701,28105,Oktibbeha,28,MS,Other,False,False,,3723.0,33.338567,-88.769617
645,28105950702,28105,Oktibbeha,28,MS,Other,False,False,,3726.0,33.366843,-88.981747
646,28107950101,28107,Panola,28,MS,Delta,True,False,,3887.0,34.484393,-90.017782
647,28107950102,28107,Panola,28,MS,Delta,True,False,,2882.0,34.427991,-90.073894
840,28151001300,28151,Washington,28,MS,Delta,True,False,,2345.0,33.406043,-90.993505
648,28107950201,28107,Panola,28,MS,Delta,True,False,,1776.0,34.428841,-89.917281
855,28155950200,28155,Webster,28,MS,Other,False,False,,3667.0,33.604664,-89.370886
856,28155950300,28155,Webster,28,MS,Other,False,False,,1662.0,33.5274,-89.27261
857,28157950100,28157,Wilkinson,28,MS,Other,False,False,,4161.0,31.193052,-91.173135
858,28157950201,28157,Wilkinson,28,MS,Other,False,False,,1295.0,31.126887,-91.455673
859,28157950202,28157,Wilkinson,28,MS,Other,False,False,,3075.0,31.083412,-91.266876
860,28159950100,28159,Winston,28,MS,Other,False,False,,3143.0,33.179565,-88.937625
861,28159950200,28159,Winston,28,MS,Other,False,False,,3012.0,33.053162,-89.2172
862,28159950300,28159,Winston,28,MS,Other,False,False,,4072.0,33.131863,-89.078349
863,28159950400,28159,Winston,28,MS,Other,False,False,,3380.0,33.110355,-89.031787
864,28159950500,28159,Winston,28,MS,Other,False,False,,4134.0,32.991191,-88.96028
865,28161950100,28161,Yalobusha,28,MS,Other,False,False,,3717.0,34.004875,-89.590563
866,28161950200,28161,Yalobusha,28,MS,Other,False,False,,4457.0,34.161415,-89.628969
867,28161950301,28161,Yalobusha,28,MS,Other,False,False,,1835.0,33.994382,-89.809033
868,28161950302,28161,Yalobusha,28,MS,Other,False,False,,2490.0,34.105913,-89.779809
869,28163950100,28163,Yazoo,28,MS,Delta,True,False,,8390.0,32.88562,-90.210491
870,28163950200,28163,Yazoo,28,MS,Delta,True,False,,2610.0,32.871242,-90.385254
649,28107950202,28107,Panola,28,MS,Delta,True,False,,1027.0,34.464559,-89.909972
650,28107950301,28107,Panola,28,MS,Delta,True,False,,3011.0,34.466349,-89.812039
651,28107950302,28107,Panola,28,MS,Delta,True,False,,1791.0,34.357467,-89.847924
652,28107950400,28107,Panola,28,MS,Delta,True,False,,5208.0,34.246722,-89.813973
653,28107950501,28107,Panola,28,MS,Delta,True,False,,2928.0,34.272664,-90.072375
654,28107950502,28107,Panola,28,MS,Delta,True,False,,3864.0,34.210444,-89.9665
655,28107950601,28107,Panola,28,MS,Delta,True,False,,4068.0,34.326079,-89.938589
876,28045990000,28045,Hancock,28,MS,Gulf Coast,False,True,,,30.218603,-89.371707
656,28107950602,28107,Panola,28,MS,Delta,True,False,,2715.0,34.316566,-89.974623
657,28109950101,28109,Pearl River,28,MS,Other,False,False,,3176.0,30.742023,-89.426978
658,28109950102,28109,Pearl River,28,MS,Other,False,False,,2271.0,30.931373,-89.447299
659,28109950201,28109,Pearl River,28,MS,Other,False,False,,2835.0,30.872037,-89.677216
660,28109950202,28109,Pearl River,28,MS,Other,False,False,,2576.0,30.832929,-89.59462
661,28109950300,28109,Pearl River,28,MS,Other,False,False,,3228.0,30.838539,-89.526435
662,28109950403,28109,Pearl River,28,MS,Other,False,False,,3919.0,30.567766,-89.75545
663,28109950404,28109,Pearl River,28,MS,Other,False,False,,2992.0,30.702255,-89.763131
664,28109950405,28109,Pearl River,28,MS,Other,False,False,,4530.0,30.571713,-89.693207
665,28109950406,28109,Pearl River,28,MS,Other,False,False,,2364.0,30.654084,-89.672233
666,28109950503,28109,Pearl River,28,MS,Other,False,False,,4377.0,30.567166,-89.573845
667,28109950504,28109,Pearl River,28,MS,Other,False,False,,3428.0,30.537514,-89.625409
668,28109950505,28109,Pearl River,28,MS,Other,False,False,,4269.0,30.680698,-89.599761
669,28109950506,28109,Pearl River,28,MS,Other,False,False,,4651.0,30.581071,-89.645781
672,28109950702,28109,Pearl River,28,MS,Other,False,False,,2423.0,30.520521,-89.679418
673,28111950101,28111,Perry,28,MS,Pine Belt,False,False,,4483.0,31.365587,-88.964582
674,28111950102,28111,Perry,28,MS,Pine Belt,False,False,,3672.0,31.263465,-88.995654
670,28109950600,28109,Pearl River,28,MS,Other,False,False,,5233.0,30.540024,-89.674436
671,28109950701,28109,Pearl River,28,MS,Other,False,False,,4079.0,30.490832,-89.694
675,28111950200,28111,Perry,28,MS,Pine Belt,False,False,,3356.0,31.056999,-88.992191
676,28113950102,28113,Pike,28,MS,Other,False,False,,4004.0,31.307277,-90.473067
677,28113950103,28113,Pike,28,MS,Other,False,False,,1881.0,31.209455,-90.399381
678,28113950104,28113,Pike,28,MS,Other,False,False,,3176.0,31.262588,-90.31751
679,28113950200,28113,Pike,28,MS,Other,False,False,,6272.0,31.272488,-90.42424
680,28113950300,28113,Pike,28,MS,Other,False,False,,5080.0,31.247737,-90.446268
681,28113950400,28113,Pike,28,MS,Other,False,False,,3401.0,31.259944,-90.474748
682,28113950501,28113,Pike,28,MS,Other,False,False,,4088.0,31.23752,-90.471162
683,28113950502,28113,Pike,28,MS,Other,False,False,,1744.0,31.192361,-90.503857
684,28113950601,28113,Pike,28,MS,Other,False,False,,3646.0,31.15436,-90.488553
685,28113950602,28113,Pike,28,MS,Other,False,False,,2812.0,31.132141,-90.370113
686,28113950700,28113,Pike,28,MS,Other,False,False,,3994.0,31.050318,-90.40582
687,28115950101,28115,Pontotoc,28,MS,Other,False,False,,3399.0,34.289577,-88.886898
688,28115950102,28115,Pontotoc,28,MS,Other,False,False,,6323.0,34.33223,-88.995741
689,28115950200,28115,Pontotoc,28,MS,Other,False,False,,5415.0,34.307959,-89.161401
690,28115950300,28115,Pontotoc,28,MS,Other,False,False,,5734.0,34.247211,-88.996182
691,28115950400,28115,Pontotoc,28,MS,Other,False,False,,5535.0,34.1475,-88.921083
692,28115950500,28115,Pontotoc,28,MS,Other,False,False,,4796.0,34.155441,-89.129081
693,28117950101,28117,Prentiss,28,MS,Other,False,False,,3260.0,34.656416,-88.451979
694,28117950102,28117,Prentiss,28,MS,Other,False,False,,1904.0,34.712167,-88.422447
695,28117950201,28117,Prentiss,28,MS,Other,False,False,,3662.0,34.691892,-88.633478
696,28117950202,28117,Prentiss,28,MS,Other,False,False,,3246.0,34.604833,-88.653425
697,28117950301,28117,Prentiss,28,MS,Other,False,False,,3067.0,34.66977,-88.554145
698,28117950302,28117,Prentiss,28,MS,Other,False,False,,3383.0,34.653515,-88.575102
699,28117950400,28117,Prentiss,28,MS,Other,False,False,,4533.0,34.537501,-88.481963
700,28117950500,28117,Prentiss,28,MS,Other,False,False,,1890.0,34.530087,-88.640242
701,28119950100,28119,Quitman,28,MS,Delta,True,False,,1644.0,34.370682,-90.298811
705,28121020103,28121,Rankin,28,MS,Jackson Metro,False,False,,4923.0,32.321785,-89.958784
706,28121020104,28121,Rankin,28,MS,Jackson Metro,False,False,,4624.0,32.354354,-89.905731
707,28121020105,28121,Rankin,28,MS,Jackson Metro,False,False,,2164.0,32.351648,-89.820907
708,28121020208,28121,Rankin,28,MS,Jackson Metro,False,False,,5833.0,32.298483,-90.021657
709,28121020209,28121,Rankin,28,MS,Jackson Metro,False,False,,4891.0,32.377903,-90.019553
710,28121020210,28121,Rankin,28,MS,Jackson Metro,False,False,,5085.0,32.447455,-89.984794
711,28121020212,28121,Rankin,28,MS,Jackson Metro,False,False,,3848.0,32.366729,-89.995822
725,28121020601,28121,Rankin,28,MS,Jackson Metro,False,False,,3557.0,32.262104,-90.0596
712,28121020213,28121,Rankin,28,MS,Jackson Metro,False,False,,1402.0,32.287221,-90.003863
713,28121020214,28121,Rankin,28,MS,Jackson Metro,False,False,,4038.0,32.371207,-90.030213
746,28123020400,28123,Scott,28,MS,Other,False,False,,3251.0,32.345528,-89.659145
714,28121020215,28121,Rankin,28,MS,Jackson Metro,False,False,,4810.0,32.356082,-90.049145
715,28121020216,28121,Rankin,28,MS,Jackson Metro,False,False,,4530.0,32.324529,-90.046275
716,28121020217,28121,Rankin,28,MS,Jackson Metro,False,False,,3464.0,32.299348,-90.060426
717,28121020218,28121,Rankin,28,MS,Jackson Metro,False,False,,5983.0,32.353849,-89.984414
718,28121020219,28121,Rankin,28,MS,Jackson Metro,False,False,,4935.0,32.330861,-90.012382
747,28123020500,28123,Scott,28,MS,Other,False,False,,5138.0,32.366322,-89.477533
748,28123020600,28123,Scott,28,MS,Other,False,False,,3339.0,32.284125,-89.464905
749,28125950100,28125,Sharkey,28,MS,Delta,True,False,,1835.0,32.892395,-90.827613
750,28125950200,28125,Sharkey,28,MS,Delta,True,False,,2075.0,32.904747,-90.883231
751,28127950101,28127,Simpson,28,MS,Other,False,False,,1784.0,32.009695,-89.786328
752,28127950102,28127,Simpson,28,MS,Other,False,False,,3470.0,31.940527,-89.72404
753,28127950200,28127,Simpson,28,MS,Other,False,False,,3516.0,31.949579,-89.879078
754,28127950301,28127,Simpson,28,MS,Other,False,False,,2416.0,31.94414,-90.047753
755,28127950302,28127,Simpson,28,MS,Other,False,False,,3100.0,32.018736,-90.067214
756,28127950401,28127,Simpson,28,MS,Other,False,False,,2134.0,31.822719,-90.01205
757,28127950402,28127,Simpson,28,MS,Other,False,False,,1594.0,31.812199,-89.708135
719,28121020301,28121,Rankin,28,MS,Jackson Metro,False,False,,3171.0,32.288235,-90.120404
758,28127950403,28127,Simpson,28,MS,Other,False,False,,3685.0,31.847612,-89.813605
759,28127950500,28127,Simpson,28,MS,Other,False,False,,4190.0,31.873824,-89.729387
760,28129950100,28129,Smith,28,MS,Other,False,False,,4514.0,32.121538,-89.512506
761,28129950201,28129,Smith,28,MS,Other,False,False,,3342.0,31.849737,-89.568411
762,28129950202,28129,Smith,28,MS,Other,False,False,,1982.0,31.969849,-89.573735
763,28129950301,28129,Smith,28,MS,Other,False,False,,3131.0,31.8325,-89.401972
764,28129950302,28129,Smith,28,MS,Other,False,False,,1341.0,31.937813,-89.396842
765,28131020100,28131,Stone,28,MS,Other,False,False,,3438.0,30.853443,-89.13653
766,28131020203,28131,Stone,28,MS,Other,False,False,,3949.0,30.756975,-88.977447
767,28131020204,28131,Stone,28,MS,Other,False,False,,4338.0,30.863616,-89.024688
768,28131020205,28131,Stone,28,MS,Other,False,False,,4006.0,30.722709,-89.247027
769,28131020206,28131,Stone,28,MS,Other,False,False,,2629.0,30.851556,-89.235495
770,28133950100,28133,Sunflower,28,MS,Delta,True,False,,6742.0,33.880737,-90.552381
720,28121020303,28121,Rankin,28,MS,Jackson Metro,False,False,,5444.0,32.377552,-90.059744
721,28121020304,28121,Rankin,28,MS,Jackson Metro,False,False,,2597.0,32.324949,-90.115054
722,28121020401,28121,Rankin,28,MS,Jackson Metro,False,False,,4813.0,32.22524,-90.186895
723,28121020402,28121,Rankin,28,MS,Jackson Metro,False,False,,6133.0,32.214313,-90.108153
724,28121020500,28121,Rankin,28,MS,Jackson Metro,False,False,,4063.0,32.231402,-90.082364
771,28133950200,28133,Sunflower,28,MS,Delta,True,False,,4026.0,33.65642,-90.583818
772,28133950300,28133,Sunflower,28,MS,Delta,True,False,,2366.0,33.534624,-90.557032
726,28121020602,28121,Rankin,28,MS,Jackson Metro,False,False,,6504.0,32.256303,-90.118001
781,28137950100,28137,Tate,28,MS,Delta,True,False,,5388.0,34.66241,-89.761242
782,28137950201,28137,Tate,28,MS,Delta,True,False,,3354.0,34.596955,-89.877206
783,28137950202,28137,Tate,28,MS,Delta,True,False,,3024.0,34.701216,-89.899046
784,28137950301,28137,Tate,28,MS,Delta,True,False,,4261.0,34.692591,-90.09828
785,28137950302,28137,Tate,28,MS,Delta,True,False,,5870.0,34.598396,-90.095209
727,28121020703,28121,Rankin,28,MS,Jackson Metro,False,False,,2149.0,32.278255,-90.067098
728,28121020705,28121,Rankin,28,MS,Jackson Metro,False,False,,6504.0,32.274239,-90.121008
787,28139950100,28139,Tippah,28,MS,Other,False,False,,4712.0,34.912402,-88.920445
788,28139950201,28139,Tippah,28,MS,Other,False,False,,4307.0,34.783733,-88.843137
789,28139950202,28139,Tippah,28,MS,Other,False,False,,2324.0,34.779602,-89.021812
790,28139950300,28139,Tippah,28,MS,Other,False,False,,2811.0,34.734456,-88.951367
791,28139950401,28139,Tippah,28,MS,Other,False,False,,5053.0,34.660336,-88.85298
792,28139950402,28139,Tippah,28,MS,Other,False,False,,2562.0,34.656797,-89.032729
793,28141950101,28141,Tishomingo,28,MS,Other,False,False,,1674.0,34.932772,-88.281769
729,28121020801,28121,Rankin,28,MS,Jackson Metro,False,False,,2730.0,32.286543,-89.965283
730,28121020803,28121,Rankin,28,MS,Jackson Metro,False,False,,2346.0,32.21852,-89.972229
731,28121020804,28121,Rankin,28,MS,Jackson Metro,False,False,,7113.0,32.237645,-90.019756
794,28141950102,28141,Tishomingo,28,MS,Other,False,False,,1296.0,34.872087,-88.174708
795,28141950200,28141,Tishomingo,28,MS,Other,False,False,,2335.0,34.824132,-88.196681
796,28141950301,28141,Tishomingo,28,MS,Other,False,False,,2679.0,34.75117,-88.209266
797,28141950302,28141,Tishomingo,28,MS,Other,False,False,,3289.0,34.811609,-88.299734
798,28141950401,28141,Tishomingo,28,MS,Other,False,False,,3039.0,34.600499,-88.250804
799,28141950402,28141,Tishomingo,28,MS,Other,False,False,,4525.0,34.544413,-88.1812
800,28143950101,28143,Tunica,28,MS,Delta,True,False,,1706.0,34.590465,-90.367775
801,28143950102,28143,Tunica,28,MS,Delta,True,False,,3543.0,34.79569,-90.372653
732,28121020805,28121,Rankin,28,MS,Jackson Metro,False,False,,2157.0,32.269114,-90.014563
733,28121020806,28121,Rankin,28,MS,Jackson Metro,False,False,,5598.0,32.254626,-89.959592
734,28121020901,28121,Rankin,28,MS,Jackson Metro,False,False,,3052.0,32.095723,-89.844829
735,28121020902,28121,Rankin,28,MS,Jackson Metro,False,False,,4143.0,32.218565,-89.826593
736,28121021001,28121,Rankin,28,MS,Jackson Metro,False,False,,5654.0,32.156633,-90.151121
737,28121021003,28121,Rankin,28,MS,Jackson Metro,False,False,,5757.0,32.087745,-90.142982
738,28121021004,28121,Rankin,28,MS,Jackson Metro,False,False,,4816.0,32.157367,-90.060769
739,28121021005,28121,Rankin,28,MS,Jackson Metro,False,False,,2151.0,32.124363,-89.981395
740,28121980000,28121,Rankin,28,MS,Jackson Metro,False,False,,56.0,32.316839,-90.073466
741,28123020101,28123,Scott,28,MS,Other,False,False,,2945.0,32.402812,-89.405845
742,28123020102,28123,Scott,28,MS,Other,False,False,,3688.0,32.503301,-89.379352
743,28123020200,28123,Scott,28,MS,Other,False,False,,4805.0,32.522097,-89.620258
744,28123020301,28123,Scott,28,MS,Other,False,False,,2495.0,32.295816,-89.640291
745,28123020302,28123,Scott,28,MS,Other,False,False,,2282.0,32.418394,-89.652215
773,28133950401,28133,Sunflower,28,MS,Delta,True,False,,3646.0,33.459966,-90.640399
774,28133950402,28133,Sunflower,28,MS,Delta,True,False,,4842.0,33.4384,-90.65466
775,28133950500,28133,Sunflower,28,MS,Delta,True,False,,1994.0,33.382721,-90.525926
776,28133950600,28133,Sunflower,28,MS,Delta,True,False,,2251.0,33.361111,-90.678775
777,28135950100,28135,Tallahatchie,28,MS,Delta,True,False,,3750.0,34.028713,-90.087611
778,28135950200,28135,Tallahatchie,28,MS,Delta,True,False,,2868.0,34.007653,-90.055166
779,28135950300,28135,Tallahatchie,28,MS,Delta,True,False,,3924.0,33.999782,-90.32801
780,28135950400,28135,Tallahatchie,28,MS,Delta,True,False,,2079.0,33.846555,-90.217623
786,28137950400,28137,Tate,28,MS,Delta,True,False,,6197.0,34.6214,-89.978539
802,28143950200,28143,Tunica,28,MS,Delta,True,False,,4489.0,34.689536,-90.406689
818,28149950300,28149,Warren,28,MS,Delta,True,False,,1823.0,32.349604,-90.872954
819,28149950400,28149,Warren,28,MS,Delta,True,False,,2379.0,32.339232,-90.878167
820,28149950500,28149,Warren,28,MS,Delta,True,False,,2313.0,32.33474,-90.846054
821,28149950600,28149,Warren,28,MS,Delta,True,False,,5282.0,32.306197,-90.838515
822,28149950700,28149,Warren,28,MS,Delta,True,False,,2343.0,32.323885,-90.890623
823,28149950800,28149,Warren,28,MS,Delta,True,False,,3612.0,32.284931,-90.894315
824,28149950901,28149,Warren,28,MS,Delta,True,False,,4834.0,32.381279,-90.74253
825,28149950902,28149,Warren,28,MS,Delta,True,False,,3324.0,32.323168,-90.760676
826,28149951101,28149,Warren,28,MS,Delta,True,False,,5108.0,32.223632,-90.80416
827,28149951102,28149,Warren,28,MS,Delta,True,False,,4214.0,32.172852,-90.975099
828,28151000100,28151,Washington,28,MS,Delta,True,False,,1197.0,33.293971,-90.832844
829,28151000200,28151,Washington,28,MS,Delta,True,False,,1835.0,33.47091,-91.077636
830,28151000300,28151,Washington,28,MS,Delta,True,False,,2747.0,33.430447,-91.030153
877,28059990000,28059,Jackson,28,MS,Gulf Coast,False,True,,,30.246629,-88.587545
831,28151000400,28151,Washington,28,MS,Delta,True,False,,2589.0,33.423071,-91.051464
878,28047990000,28047,Harrison,28,MS,Gulf Coast,False,True,,,30.264457,-89.028538
832,28151000600,28151,Washington,28,MS,Delta,True,False,,2156.0,33.401682,-91.065531
833,28151000701,28151,Washington,28,MS,Delta,True,False,,3344.0,33.379112,-91.029161
834,28151000702,28151,Washington,28,MS,Delta,True,False,,3187.0,33.364697,-91.092514
835,28151000800,28151,Washington,28,MS,Delta,True,False,,3858.0,33.347365,-91.05094
841,28151001400,28151,Washington,28,MS,Delta,True,False,,3949.0,33.388198,-90.999034
842,28151001500,28151,Washington,28,MS,Delta,True,False,,3771.0,33.187664,-91.02021
843,28151001600,28151,Washington,28,MS,Delta,True,False,,1764.0,33.413554,-90.91335
844,28151001700,28151,Washington,28,MS,Delta,True,False,,2423.0,33.386677,-90.886523
845,28151002000,28151,Washington,28,MS,Delta,True,False,,1306.0,33.17374,-90.855191
846,28151002100,28151,Washington,28,MS,Delta,True,False,,1102.0,33.196782,-90.869109
847,28153950101,28153,Wayne,28,MS,Other,False,False,,2675.0,31.78143,-88.574377
848,28153950102,28153,Wayne,28,MS,Other,False,False,,2886.0,31.63549,-88.530235
849,28153950200,28153,Wayne,28,MS,Other,False,False,,4644.0,31.668989,-88.649263
850,28153950301,28153,Wayne,28,MS,Other,False,False,,1445.0,31.772761,-88.822698
851,28153950302,28153,Wayne,28,MS,Other,False,False,,3170.0,31.670458,-88.79821
852,28153950401,28153,Wayne,28,MS,Other,False,False,,2977.0,31.51868,-88.735948
853,28153950402,28153,Wayne,28,MS,Other,False,False,,1963.0,31.502852,-88.509125
854,28155950100,28155,Webster,28,MS,Other,False,False,,4613.0,33.640402,-89.134699
871,28163950300,28163,Yazoo,28,MS,Delta,True,False,,5997.0,32.872367,-90.4087
872,28163950400,28163,Yazoo,28,MS,Delta,True,False,,1785.0,32.738843,-90.551421
873,28163950500,28163,Yazoo,28,MS,Delta,True,False,,3109.0,32.843077,-90.426366
874,28163950601,28163,Yazoo,28,MS,Delta,True,False,,2384.0,32.741594,-90.273529
875,28163950602,28163,Yazoo,28,MS,Delta,True,False,,3192.0,32.699691,-90.398725
