geo_sk,year_sk,rpl_themes,rpl_theme1,rpl_theme2,rpl_theme3,rpl_theme4,f_total,ep_pov150,ep_unemp,ep_uninsur,ep_nohsdp,ep_minrty,ep_noveh,ep_noint,ep_disabl,ep_sngpnt,ep_mobile
1,2022,0.5494,0.7529,0.4753,0.3979,0.3203,3.0,44.1,6.5,12.9,31.1,34.5,0.0,13.7,11.8,10.8,28.6
2,2022,0.1494,0.0943,0.0321,0.5183,0.6073,1.0,23.6,0.0,7.4,6.4,43.0,7.8,19.3,13.6,0.0,34.8
3,2022,0.5149,0.6586,0.5959,0.9174,0.1389,2.0,38.0,8.4,12.2,19.8,90.4,5.8,15.0,11.2,3.4,16.2
4,2022,0.7287,0.7943,0.7107,0.9725,0.3284,5.0,56.4,10.2,10.8,25.0,98.1,17.1,37.9,17.0,9.3,2.9
5,2022,0.9644,0.9908,0.9621,0.9908,0.597,7.0,69.9,21.3,30.1,20.5,99.5,24.0,24.5,16.0,22.1,0.3
6,2022,0.8713,0.8552,0.8668,0.8005,0.6051,2.0,48.3,9.3,17.6,19.9,73.0,11.4,23.6,19.1,9.3,8.2
7,2022,0.5713,0.5138,0.6785,0.7248,0.4053,1.0,47.5,9.4,9.6,10.9,64.1,5.5,9.2,16.0,21.4,0.0
8,2022,0.6782,0.4862,0.8496,0.5803,0.6234,2.0,31.6,8.7,2.3,15.3,48.0,11.5,17.0,26.5,3.9,0.0
9,2022,0.4276,0.3195,0.186,0.7672,0.6579,0.0,32.9,3.2,11.9,10.7,69.3,3.8,20.0,12.1,7.0,25.1
10,2022,0.4333,0.2276,0.6441,0.3486,0.6016,1.0,24.2,3.6,5.2,9.4,30.9,5.3,14.0,15.8,13.0,2.0
11,2022,0.4414,0.3471,0.4087,0.078,0.7681,0.0,24.1,4.0,9.5,11.3,9.0,4.7,17.0,17.1,4.8,15.3
12,2022,0.9437,0.9345,0.7681,0.3612,0.9529,2.0,45.5,10.6,17.6,25.5,31.5,19.3,35.5,19.9,10.3,1.4
13,2022,0.2506,0.1414,0.5281,0.0401,0.465,1.0,11.3,2.7,10.9,9.2,5.3,4.4,8.8,20.9,0.6,8.4
14,2022,0.6437,0.6644,0.3295,0.164,0.8863,3.0,37.7,5.1,11.4,18.4,16.2,15.9,38.2,26.2,0.7,13.7
15,2022,0.3069,0.3046,0.2916,0.0138,0.5786,0.0,24.3,0.1,6.6,21.7,2.0,4.2,20.1,15.5,11.7,30.7
16,2022,0.4138,0.4575,0.3513,0.0034,0.6246,0.0,25.3,4.6,12.6,19.2,0.2,3.0,20.1,17.9,4.2,29.9
17,2022,0.8678,0.8874,0.659,0.3268,0.8967,4.0,40.1,11.8,17.9,31.6,28.0,6.0,38.4,32.1,4.2,14.7
18,2022,0.9701,0.9862,0.8014,0.6651,0.9277,4.0,54.1,13.1,26.6,25.7,57.2,10.2,50.3,21.1,17.9,5.3
19,2022,0.4609,0.5874,0.5454,0.0631,0.4282,0.0,33.0,8.8,13.4,12.2,7.2,3.9,20.9,24.6,7.5,25.9
20,2022,0.3368,0.4448,0.4765,0.3704,0.2101,1.0,30.4,5.3,12.5,13.4,32.2,2.6,15.8,29.5,3.4,25.9
21,2022,0.6356,0.3253,0.6636,0.3154,0.9127,1.0,25.0,3.4,11.9,11.7,27.4,10.1,27.0,26.3,8.7,31.3
22,2022,0.7011,0.546,0.7933,0.5413,0.6912,1.0,42.3,8.6,10.3,11.9,44.5,9.1,16.2,24.4,10.7,34.3
23,2022,0.5851,0.654,0.8462,0.5619,0.1952,3.0,35.6,14.3,17.1,10.7,46.2,3.9,50.2,29.8,2.3,46.3
24,2022,0.4977,0.5161,0.7325,0.7041,0.186,3.0,57.2,8.4,7.3,16.4,62.1,4.5,43.0,33.0,10.3,33.3
25,2022,0.4632,0.5862,0.4971,0.3979,0.3226,0.0,43.1,9.5,7.5,14.9,34.5,1.3,29.2,20.9,10.1,28.4
26,2022,0.7322,0.4724,0.9127,0.3177,0.837,2.0,27.6,10.9,12.1,16.0,27.7,8.0,22.7,25.9,2.1,27.1
27,2022,0.5379,0.6092,0.5121,0.7041,0.3479,1.0,34.7,5.4,7.5,18.1,62.1,1.9,24.0,17.3,7.3,38.9
28,2022,0.4885,0.6425,0.3031,0.3532,0.4891,0.0,22.4,7.7,17.2,21.7,31.0,6.2,24.3,24.4,4.2,24.7
29,2022,0.5126,0.3644,0.4466,0.594,0.6958,0.0,41.5,2.2,3.4,8.5,48.9,8.9,14.9,13.2,10.8,0.6
30,2022,0.869,0.8218,0.7141,0.7546,0.8152,2.0,47.6,9.9,13.6,16.6,67.7,20.9,26.4,14.4,15.2,7.1
31,2022,0.3126,0.4092,0.5649,0.7649,0.0608,0.0,26.3,4.3,9.0,21.4,69.2,1.1,41.8,16.8,0.5,21.1
32,2022,0.546,0.4322,0.4638,0.3761,0.7566,0.0,31.3,2.0,10.2,21.0,32.7,2.6,26.6,22.4,6.2,29.6
33,2022,0.8897,0.8276,0.969,0.1044,0.8622,2.0,35.6,7.1,23.0,23.7,11.0,14.6,44.7,29.4,8.7,33.8
34,2022,0.9345,0.9563,0.31,0.9197,0.9724,4.0,60.2,16.7,15.7,21.8,90.5,15.9,35.9,17.7,10.0,18.9
35,2022,0.9977,0.954,0.9552,0.8865,0.9931,3.0,57.7,9.8,17.5,24.8,86.5,18.5,53.8,19.1,13.4,12.7
36,2022,0.7115,0.5989,0.721,0.8819,0.5947,0.0,51.0,2.4,12.1,11.0,86.2,14.2,27.8,17.2,10.5,8.8
37,2022,0.9667,0.8667,0.9564,0.7821,0.9644,1.0,52.8,10.5,13.2,26.2,70.6,8.2,31.1,21.0,10.4,14.0
38,2022,0.8195,0.6609,0.9701,0.7144,0.659,2.0,40.6,4.6,15.1,13.2,63.3,6.6,19.2,17.8,18.3,7.2
39,2022,0.2644,0.2678,0.8634,0.1972,0.0666,0.0,19.5,5.5,9.7,5.1,19.0,1.7,6.9,11.2,11.4,1.2
40,2022,0.0793,0.2092,0.0149,0.3452,0.4466,1.0,16.3,6.9,8.1,9.7,30.7,3.5,5.8,12.4,1.1,0.0
41,2022,0.9862,0.9356,0.93,0.9232,0.9506,6.0,67.9,9.5,13.0,21.9,90.8,19.8,17.8,24.8,19.6,4.5
42,2022,0.8621,0.9644,0.3697,0.8807,0.7233,5.0,59.4,7.7,25.3,23.6,86.1,12.6,35.6,16.4,10.2,7.1
43,2022,0.2977,0.2782,0.5316,0.1239,0.3536,0.0,25.5,5.2,7.6,13.6,12.3,3.7,16.5,22.0,6.4,9.3
44,2022,0.792,0.7207,0.6705,0.6284,0.8519,2.0,42.8,3.9,13.2,18.1,52.9,19.2,33.6,32.4,5.8,4.0
45,2022,0.8287,0.6759,0.9656,0.4622,0.7715,2.0,42.7,1.1,13.0,28.0,39.0,3.6,31.0,23.8,11.7,23.2
46,2022,0.6563,0.4655,0.6935,0.4667,0.7612,2.0,27.3,3.2,13.7,25.8,39.4,5.5,20.6,15.2,6.2,32.4
47,2022,0.8356,0.7345,0.9587,0.6365,0.667,0.0,41.5,7.5,11.9,23.2,53.9,12.8,24.1,23.4,10.3,5.8
48,2022,0.4103,0.4563,0.4661,0.2672,0.4489,1.0,31.9,8.2,6.5,16.7,24.6,1.2,34.9,18.9,7.1,27.5
49,2022,0.7448,0.6023,0.3536,0.6571,0.9575,2.0,48.6,2.1,9.9,26.6,56.1,11.9,38.5,26.0,3.9,27.7
50,2022,0.2287,0.354,0.2687,0.2878,0.2135,0.0,20.9,7.5,5.0,21.6,26.0,0.0,43.8,15.9,3.6,18.3
51,2022,0.8345,0.6989,0.62,0.7936,0.9311,0.0,42.5,5.4,12.1,16.2,72.1,13.0,31.0,13.7,16.2,17.9
52,2022,0.769,0.6299,0.8875,0.3842,0.7819,2.0,44.2,3.3,9.5,25.2,33.5,6.5,31.5,20.8,10.2,41.2
53,2022,0.8138,0.608,0.9288,0.5872,0.845,4.0,36.2,2.6,8.1,28.1,48.6,7.9,24.8,19.4,10.7,9.1
54,2022,0.6621,0.6954,0.9518,0.6181,0.2067,2.0,23.4,3.2,18.3,29.2,51.7,2.9,47.4,17.7,7.8,25.1
55,2022,0.5563,0.4241,0.6625,0.57,0.5431,1.0,24.3,1.5,8.7,20.9,46.9,16.6,32.8,17.8,10.0,31.9
56,2022,0.2046,0.2621,0.4811,0.0872,0.2055,2.0,23.8,3.8,8.7,13.9,9.7,2.4,27.3,27.4,2.3,19.2
57,2022,0.6736,0.5667,0.5499,0.4266,0.8416,0.0,32.1,5.1,14.6,12.6,36.7,5.5,19.5,25.0,6.2,22.0
58,2022,0.8092,0.7598,0.7003,0.6491,0.8014,1.0,40.6,19.9,11.7,13.0,55.5,11.4,12.5,22.8,14.8,20.1
59,2022,0.6586,0.7218,0.2468,0.8429,0.6406,1.0,52.2,8.2,16.0,15.1,78.1,10.4,29.6,15.0,4.2,47.2
60,2022,0.7207,0.8391,0.341,0.9106,0.5488,3.0,49.9,20.2,12.9,15.5,89.7,10.5,23.1,19.1,4.9,8.3
61,2022,0.7839,0.8057,0.0356,0.9495,0.992,4.0,46.7,6.5,22.7,20.6,94.5,13.6,24.0,9.5,3.3,34.6
62,2022,0.2839,0.1552,0.6096,0.2878,0.3617,1.0,24.6,1.1,9.8,11.6,26.0,2.9,26.3,22.4,9.9,42.9
63,2022,0.3322,0.3011,0.6521,0.1938,0.3077,0.0,21.3,4.3,13.1,11.5,18.9,6.0,26.5,24.6,9.0,21.7
64,2022,0.4586,0.8644,0.271,0.4243,0.1263,2.0,39.0,9.1,13.8,28.9,36.5,2.7,28.4,31.4,0.0,29.0
65,2022,0.923,0.8632,0.9036,0.8005,0.7979,4.0,50.2,15.5,11.9,17.7,73.0,13.5,20.0,34.2,21.1,34.8
66,2022,0.8586,0.7253,0.9782,0.5872,0.6843,1.0,37.8,4.8,25.0,10.1,48.6,11.1,18.2,23.1,10.4,9.2
67,2022,0.1989,0.431,0.1251,0.6502,0.1033,0.0,37.2,5.3,9.9,13.6,55.6,2.0,18.4,3.8,8.8,28.3
68,2022,0.4724,0.5678,0.3341,0.6376,0.3812,0.0,31.3,8.6,7.3,19.3,54.2,8.6,33.8,8.8,5.7,30.8
69,2022,0.7299,0.8529,0.1619,0.8842,0.7268,4.0,55.6,14.6,5.5,28.3,86.3,19.9,14.9,5.5,28.0,4.8
70,2022,0.9195,0.9161,0.9024,0.7282,0.7072,0.0,43.4,11.8,15.8,21.0,65.1,11.1,20.3,14.3,15.6,0.0
71,2022,0.4241,0.5299,0.2147,0.6342,0.4214,0.0,19.8,6.0,15.3,13.5,53.7,2.2,19.0,7.8,5.5,27.7
72,2022,0.7218,0.7632,0.3467,0.9002,0.6785,3.0,59.7,12.7,12.5,15.6,87.4,17.6,32.4,9.4,14.6,17.3
73,2022,0.1931,0.1448,0.0344,0.5,0.6544,1.0,19.4,3.4,7.0,11.1,41.6,0.3,25.8,9.4,5.2,21.8
74,2022,0.7874,0.5379,0.9644,0.7695,0.6854,1.0,36.2,2.8,13.2,24.4,69.4,8.3,23.5,19.5,8.6,13.0
75,2022,0.9057,0.7483,0.9805,0.8257,0.7176,0.0,42.7,9.6,14.9,14.0,75.7,3.8,19.6,20.1,13.5,1.9
76,2022,0.8885,0.9046,0.8175,0.8945,0.6108,1.0,49.2,11.8,12.6,21.4,87.1,11.4,27.9,16.0,17.2,1.2
77,2022,0.6609,0.9471,0.2721,0.9989,0.1848,5.0,57.3,22.5,11.1,28.5,100.0,5.8,20.6,16.3,9.6,0.0
78,2022,0.9782,0.9609,0.8967,0.9633,0.9024,4.0,68.5,16.8,18.3,20.0,96.4,24.6,26.8,13.3,16.1,3.8
79,2022,0.8299,0.8816,0.9334,0.7959,0.3743,1.0,52.6,5.0,16.4,27.8,72.4,5.8,31.0,18.3,11.0,23.8
80,2022,0.4816,0.2609,0.5155,0.805,0.589,0.0,22.5,2.8,9.9,12.6,73.5,14.4,40.5,18.9,11.8,28.8
81,2022,0.223,0.2839,0.1665,0.4805,0.2962,0.0,21.8,1.8,11.2,15.2,40.3,3.6,16.4,15.5,1.8,32.9
82,2022,0.6494,0.4115,0.4076,0.6181,0.9231,2.0,32.5,5.3,13.9,10.3,51.7,9.8,22.1,11.5,6.0,39.0
83,2022,0.9356,0.8609,0.7773,0.9461,0.8806,1.0,47.9,13.1,16.2,21.4,93.9,8.8,30.7,17.6,9.7,10.6
84,2022,0.5069,0.469,0.1297,0.3647,0.868,1.0,32.6,7.0,16.6,9.1,31.9,2.1,31.8,13.4,7.8,24.3
85,2022,0.3586,0.6828,0.0941,0.5057,0.2882,1.0,45.6,1.1,17.1,18.1,41.9,9.2,35.6,16.5,3.3,41.3
86,2022,0.2483,0.2322,0.1332,0.3727,0.5086,1.0,33.5,0.8,15.9,7.0,32.4,4.9,31.7,11.1,4.1,38.5
87,2022,0.5299,0.6701,0.7302,0.5642,0.1653,1.0,37.2,6.0,8.3,23.6,46.4,3.2,43.9,20.2,9.9,36.3
88,2022,0.7483,0.9034,0.6648,0.7144,0.318,0.0,51.9,12.3,15.6,19.6,63.3,3.9,28.3,20.5,3.6,12.2
89,2022,0.2885,0.3437,0.1079,0.6686,0.3995,1.0,31.6,5.7,8.8,12.6,57.7,2.0,28.3,10.7,4.9,37.3
90,2022,0.7885,0.4253,0.8921,0.2867,0.9805,4.0,34.3,6.9,8.6,13.3,25.9,19.6,47.2,25.3,18.5,46.2
91,2022,0.3437,0.5207,0.279,0.1296,0.3651,1.0,29.3,2.0,11.5,17.9,13.1,3.5,37.6,18.3,4.5,39.4
92,2022,0.7609,0.7816,0.5408,0.6617,0.7084,1.0,38.0,4.4,17.4,15.5,56.9,11.7,11.1,10.0,13.3,18.4
93,2022,0.3333,0.5057,0.2549,0.5264,0.2239,0.0,16.6,7.7,14.9,17.5,43.4,2.6,10.0,14.8,3.3,8.3
94,2022,0.577,0.3241,0.7268,0.7248,0.6211,1.0,11.9,6.6,9.0,8.4,64.1,7.5,9.3,13.3,18.3,9.0
95,2022,0.5989,0.6069,0.822,0.461,0.3502,0.0,35.2,3.7,13.2,14.3,38.9,1.1,9.6,19.2,8.3,3.5
96,2022,0.323,0.2736,0.1056,0.555,0.6315,1.0,14.4,5.8,11.2,8.2,45.6,0.5,11.4,13.9,3.1,8.5
97,2022,0.4184,0.3391,0.1366,0.6445,0.7382,1.0,26.9,5.9,7.1,6.8,55.0,3.4,4.1,8.0,13.9,15.0
98,2022,0.3874,0.5345,0.4673,0.6881,0.155,0.0,32.6,5.3,13.8,10.5,60.1,2.7,10.9,11.3,7.7,0.8
99,2022,0.708,0.8207,0.5878,0.8326,0.3685,2.0,39.6,8.1,11.3,21.3,76.5,7.3,9.0,10.8,10.8,0.0
100,2022,0.8379,0.8678,0.7417,0.6927,0.6682,2.0,36.9,16.7,16.9,16.8,60.9,7.3,14.0,11.3,14.9,0.0
101,2022,0.5437,0.646,0.7233,0.4817,0.2354,2.0,26.1,5.3,13.8,19.4,40.6,4.2,6.2,18.9,6.2,0.7
102,2022,0.4759,0.7839,0.4443,0.5149,0.124,2.0,43.6,5.4,20.5,13.2,42.7,2.0,11.5,11.0,9.8,4.3
103,2022,0.7552,0.7241,0.713,0.6892,0.6269,3.0,45.8,5.5,14.8,9.0,60.3,12.4,13.9,11.6,18.2,0.0
104,2022,0.3506,0.592,0.5901,0.5264,0.0563,0.0,28.4,8.7,13.0,7.1,43.4,3.7,8.8,14.1,11.7,5.0
105,2022,0.7724,0.6345,0.8071,0.4989,0.8301,0.0,34.2,5.6,14.6,20.8,41.5,6.0,13.9,15.5,12.6,4.5
106,2022,0.5552,0.6333,0.6923,0.445,0.3238,1.0,22.1,3.5,21.2,19.2,37.6,2.7,19.4,14.1,12.8,5.5
107,2022,0.531,0.4483,0.8806,0.445,0.2836,0.0,20.9,3.0,13.6,11.7,37.6,3.5,9.8,13.5,8.9,0.0
108,2022,0.2368,0.2598,0.6567,0.5585,0.0586,0.0,20.2,3.7,8.2,5.6,45.8,0.8,3.5,12.9,13.5,1.9
109,2022,0.0678,0.0345,0.558,0.4323,0.0471,1.0,10.0,1.5,1.2,2.9,37.0,1.7,13.2,11.7,5.6,0.0
110,2022,0.2414,0.3621,0.2021,0.5849,0.1906,0.0,24.2,2.9,9.0,10.0,48.3,2.7,2.3,5.4,15.5,1.3
111,2022,0.0207,0.0552,0.0505,0.3039,0.062,0.0,5.1,5.7,6.4,2.5,26.8,0.0,2.9,16.3,1.7,0.0
112,2022,0.0069,0.0172,0.0436,0.2557,0.0138,0.0,4.2,0.6,2.9,8.2,23.1,3.4,6.8,11.8,2.7,0.0
113,2022,0.0287,0.0816,0.3088,0.2787,0.0103,0.0,5.7,9.2,6.2,2.9,25.5,2.3,2.1,4.5,1.1,0.0
114,2022,0.0023,0.0023,0.0138,0.5447,0.0207,0.0,1.0,0.0,2.6,2.2,45.1,0.0,9.7,5.0,1.1,10.8
115,2022,0.1103,0.0276,0.0379,0.6067,0.6303,0.0,5.7,1.8,1.5,3.2,50.5,5.8,7.1,8.9,2.6,1.2
116,2022,0.1207,0.0586,0.6406,0.6135,0.0597,1.0,11.5,3.3,5.4,6.9,51.1,1.8,9.9,12.1,9.8,1.1
117,2022,0.0195,0.0287,0.0964,0.1422,0.0781,0.0,5.9,4.0,3.5,6.0,14.4,3.8,7.3,9.2,5.4,0.6
118,2022,0.0724,0.108,0.3548,0.5264,0.039,0.0,14.8,5.1,3.7,5.8,43.4,3.9,17.4,18.8,6.0,1.9
119,2022,0.2345,0.1678,0.2273,0.3475,0.4776,0.0,15.6,6.3,1.9,7.3,30.8,9.3,11.7,17.4,2.6,1.0
120,2022,0.2793,0.0368,0.4983,0.586,0.5637,0.0,6.7,1.7,6.6,2.1,48.5,8.3,11.2,8.3,4.9,0.0
121,2022,0.4563,0.2494,0.5798,0.6388,0.5752,1.0,20.1,1.9,10.8,7.0,54.4,2.5,1.7,10.3,12.6,0.0
122,2022,0.0943,0.0862,0.3949,0.5149,0.116,0.0,11.4,4.4,9.0,6.7,42.7,0.2,4.3,11.9,8.7,7.6
123,2022,0.0839,0.1885,0.1894,0.5424,0.0712,0.0,11.3,0.2,16.3,10.2,44.7,0.4,7.3,8.0,7.8,1.0
124,2022,0.023,0.0126,0.0838,0.4667,0.0677,0.0,6.0,3.5,2.6,0.4,39.4,2.7,4.5,9.7,6.2,1.5
125,2022,0.077,0.1,0.031,0.2236,0.4834,0.0,6.1,3.4,8.9,10.1,21.0,1.8,14.3,8.3,0.0,18.5
126,2022,0.2391,0.1897,0.5109,0.2821,0.2698,0.0,12.5,2.7,9.1,7.9,25.7,2.1,14.1,12.3,11.8,0.0
127,2022,0.0322,0.077,0.1183,0.164,0.0918,0.0,5.5,4.8,7.3,7.9,16.2,0.8,9.3,13.6,2.5,5.6
128,2022,0.2161,0.2828,0.8289,0.1388,0.0321,2.0,16.1,4.4,10.9,10.4,14.0,2.2,6.0,5.5,14.4,4.9
129,2022,0.0655,0.1701,0.442,0.0447,0.0299,0.0,27.3,2.4,3.4,10.2,5.7,6.9,13.4,15.2,7.5,0.0
130,2022,0.0241,0.0149,0.0448,0.0585,0.2308,0.0,4.4,3.8,4.8,1.8,7.0,3.0,12.5,13.5,0.0,7.0
131,2022,0.8368,0.5747,0.7727,0.5459,0.9793,4.0,25.4,3.1,9.5,21.0,45.2,6.6,9.7,19.0,7.1,17.3
132,2022,0.3609,0.2874,0.5006,0.2156,0.5408,0.0,21.8,2.5,7.7,15.1,20.4,1.8,10.8,18.2,1.2,17.6
133,2022,0.3989,0.4011,0.3284,0.3647,0.5419,2.0,37.6,3.4,6.3,7.5,31.9,7.8,25.0,28.6,1.0,0.0
134,2022,0.5356,0.7874,0.4248,0.7523,0.1596,0.0,37.5,9.8,17.9,15.9,67.6,7.0,11.9,20.7,11.9,1.9
135,2022,0.8184,0.8563,0.6073,0.8394,0.6877,3.0,50.9,9.8,16.2,27.0,77.2,16.7,26.0,18.1,6.7,6.9
136,2022,0.992,0.9172,0.977,0.9828,0.9736,9.0,57.2,24.5,15.3,33.3,99.2,28.0,33.2,27.7,19.2,2.7
137,2022,0.754,0.6885,0.6716,0.9232,0.6223,6.0,59.8,9.2,4.6,11.8,90.8,17.7,16.2,20.8,31.1,0.0
138,2022,0.4126,0.2701,0.2181,0.4094,0.806,3.0,36.8,0.0,6.1,1.6,35.3,3.3,7.1,11.8,3.5,0.0
139,2022,0.6701,0.5333,0.7245,0.578,0.6797,0.0,34.5,11.1,8.0,4.2,47.7,7.3,10.8,20.8,7.0,0.0
140,2022,0.6759,0.8805,0.0103,0.6422,0.9564,5.0,62.7,8.2,19.2,9.7,54.7,11.0,11.9,12.7,4.1,0.0
141,2022,0.6,0.692,0.0517,0.6147,0.8772,3.0,57.1,6.0,9.0,9.9,51.3,14.8,16.2,12.7,13.6,0.0
142,2022,0.977,0.9759,0.9265,0.9025,0.8393,5.0,55.0,13.0,25.5,18.8,87.6,9.3,25.5,20.2,17.7,1.7
143,2022,0.2575,0.0759,0.5867,0.1124,0.5339,0.0,11.9,6.1,6.8,5.7,11.7,1.4,7.9,16.5,5.4,19.2
144,2022,0.0828,0.1069,0.2652,0.1571,0.1998,0.0,30.1,4.7,5.9,4.4,15.5,0.9,7.7,18.6,0.9,18.6
145,2022,0.0874,0.192,0.1676,0.0505,0.2193,0.0,16.9,8.2,5.4,8.4,6.3,9.5,24.4,17.0,1.4,25.5
146,2022,0.3655,0.3828,0.5144,0.5986,0.256,1.0,27.0,5.1,11.3,3.6,49.7,1.0,9.3,15.6,12.4,10.6
147,2022,0.554,0.4425,0.3628,0.5516,0.7555,1.0,37.8,3.1,9.9,16.4,45.5,5.7,11.3,22.9,4.5,36.2
148,2022,0.3759,0.208,0.9529,0.2248,0.2572,0.0,25.5,3.2,7.7,9.1,21.1,4.9,18.1,23.1,12.7,7.1
149,2022,0.8609,0.7356,0.8703,0.3486,0.9093,0.0,38.8,7.7,14.5,17.3,30.9,5.9,13.7,23.3,13.5,11.0
150,2022,0.8989,0.5839,0.9759,0.719,0.9139,2.0,44.1,5.4,12.8,13.1,63.7,13.7,23.1,23.2,12.5,12.6
151,2022,0.0851,0.0966,0.4455,0.055,0.1757,2.0,11.6,4.2,7.6,4.9,6.5,0.4,31.9,27.3,5.2,33.9
152,2022,0.2667,0.3276,0.4397,0.0138,0.3272,2.0,15.9,8.1,19.5,4.8,2.0,3.1,27.1,22.5,0.0,34.6
153,2022,0.8828,0.6862,0.8714,0.8956,0.8691,2.0,40.5,8.5,10.9,22.4,87.2,14.0,40.7,29.4,11.1,6.8
154,2022,0.669,0.6057,0.6383,0.6101,0.6452,0.0,54.0,2.7,11.0,23.7,50.7,6.0,15.7,23.0,7.5,23.4
155,2022,0.2701,0.2506,0.7865,0.3337,0.093,2.0,37.9,2.7,7.4,9.5,29.1,0.0,20.6,30.8,9.8,15.2
156,2022,0.3851,0.3448,0.4145,0.4037,0.4902,0.0,24.9,2.5,14.4,15.8,34.8,4.9,14.5,18.5,16.7,32.8
157,2022,0.5874,0.6299,0.5247,0.0528,0.7118,0.0,31.2,13.7,13.4,14.6,6.4,2.4,28.3,24.8,4.5,15.8
158,2022,0.6828,0.669,0.8852,0.0837,0.5809,1.0,33.4,9.8,12.6,15.2,9.5,6.8,28.6,23.2,3.1,22.4
159,2022,0.7667,0.7023,0.7222,0.4553,0.8175,1.0,38.8,11.2,9.6,21.2,38.5,6.4,14.9,16.3,16.3,13.0
160,2022,0.5724,0.623,0.4937,0.1686,0.6739,4.0,33.8,14.9,18.4,8.2,16.6,20.6,30.8,17.9,3.1,27.0
161,2022,0.3264,0.3494,0.0608,0.0894,0.8129,1.0,27.2,2.4,11.4,12.3,9.9,3.6,26.2,10.0,1.8,9.4
162,2022,0.4023,0.6747,0.4856,0.1181,0.2147,0.0,34.3,8.5,15.7,12.2,12.0,1.3,3.9,22.4,8.0,27.6
163,2022,0.1322,0.1598,0.3559,0.008,0.2595,1.0,27.1,0.0,13.5,7.4,0.7,0.0,27.1,20.8,5.7,42.5
164,2022,0.8448,0.8149,0.2893,0.6044,0.9851,3.0,30.2,27.1,14.2,26.2,50.2,14.9,30.7,23.8,5.5,31.0
165,2022,0.423,0.5586,0.5695,0.0917,0.3215,1.0,23.0,8.9,18.0,11.6,10.0,3.8,33.9,31.3,4.5,32.8
166,2022,0.8046,0.4103,0.9828,0.1972,0.961,1.0,30.4,4.5,10.6,11.8,19.0,9.1,34.4,21.8,7.3,13.7
167,2022,0.4195,0.4414,0.5086,0.2718,0.4374,2.0,23.2,1.2,17.8,25.1,25.0,6.4,29.2,30.7,7.1,11.2
168,2022,0.2276,0.3713,0.3835,0.3601,0.1274,0.0,24.0,1.1,10.5,21.0,31.4,2.3,20.9,16.9,3.6,31.3
169,2022,0.3391,0.6138,0.5339,0.2878,0.0896,1.0,38.3,0.0,20.7,15.4,26.0,3.6,32.9,23.2,9.3,15.2
170,2022,0.4448,0.4494,0.4099,0.5034,0.4696,0.0,29.8,2.8,10.8,18.1,41.8,7.1,23.8,17.9,5.4,25.5
171,2022,0.8057,0.9126,0.8335,0.8716,0.3157,4.0,62.6,14.9,11.0,20.1,85.2,8.9,25.1,21.3,14.7,3.0
172,2022,0.8,0.7897,0.3995,0.9151,0.8588,1.0,39.1,7.4,16.1,17.1,90.0,12.8,38.2,16.5,12.3,0.9
173,2022,0.6172,0.4977,0.1435,0.4954,0.9598,0.0,31.4,3.1,10.5,13.4,41.3,7.6,15.2,18.7,5.2,8.1
174,2022,0.0379,0.0736,0.2801,0.2362,0.054,0.0,5.4,7.8,4.2,5.0,21.7,0.0,8.0,22.7,3.4,0.0
175,2022,0.8575,0.7862,0.7348,0.5183,0.884,4.0,42.6,23.6,15.6,10.6,43.0,14.4,19.9,16.2,20.8,4.4
176,2022,0.0172,0.2356,0.0471,0.0665,0.008,0.0,7.0,10.7,7.1,9.7,7.8,0.0,6.6,13.3,0.0,0.8
177,2022,0.1517,0.569,0.1814,0.172,0.0264,0.0,24.5,3.5,11.9,20.1,17.1,0.0,4.6,21.8,0.0,15.8
178,2022,0.6011,0.5368,0.9277,0.2374,0.4191,0.0,23.4,9.6,11.3,11.9,21.8,13.6,17.9,24.8,12.3,8.6
179,2022,0.308,0.2126,0.6303,0.1766,0.3766,3.0,28.7,5.3,7.2,4.6,17.6,0.7,3.9,18.1,7.1,0.0
180,2022,0.0276,0.1126,0.0643,0.0493,0.0987,0.0,11.9,0.0,14.1,4.9,6.2,1.6,7.1,18.4,0.7,2.1
181,2022,0.4345,0.6149,0.7669,0.1181,0.1688,1.0,34.5,7.1,9.0,14.7,12.0,3.9,14.7,17.6,14.0,4.5
182,2022,0.8632,0.7701,0.9851,0.1743,0.7371,4.0,49.2,15.5,13.8,11.6,17.4,5.1,24.0,22.8,10.7,4.1
183,2022,0.5241,0.6264,0.5993,0.2913,0.3881,3.0,27.8,3.8,26.1,20.3,26.1,2.8,14.4,28.6,0.0,23.9
184,2022,0.3046,0.1575,0.318,0.32,0.6395,2.0,9.5,1.5,8.6,12.3,27.8,0.0,5.2,16.0,0.0,2.9
185,2022,0.0149,0.008,0.1504,0.0413,0.0436,1.0,6.5,0.0,1.4,4.2,5.4,0.8,7.8,15.8,2.4,0.0
186,2022,0.0609,0.0575,0.4214,0.1342,0.1194,0.0,12.3,4.3,3.9,4.6,13.7,2.9,3.8,11.8,2.7,0.0
187,2022,0.3,0.4713,0.2239,0.0069,0.3927,1.0,55.5,4.9,13.5,6.5,0.6,1.9,17.7,19.8,2.1,32.0
188,2022,0.169,0.4195,0.0482,0.1009,0.3146,0.0,27.7,8.4,11.8,7.7,10.8,2.3,29.9,14.0,1.8,18.8
189,2022,0.2333,0.1103,0.5683,0.1089,0.4248,2.0,17.6,1.2,6.2,15.9,11.5,1.4,37.8,22.8,6.8,44.6
190,2022,0.1782,0.1563,0.4983,0.0161,0.2939,0.0,18.9,0.3,16.3,1.7,2.2,0.0,8.4,17.1,13.6,14.2
191,2022,0.608,0.6011,0.7646,0.3005,0.496,4.0,17.8,8.1,19.4,12.7,26.7,0.9,14.6,19.9,6.9,0.9
192,2022,0.0483,0.0092,0.1263,0.508,0.2893,1.0,7.6,1.5,6.6,1.8,42.0,0.0,1.7,1.2,12.4,0.0
193,2022,0.0747,0.0897,0.6108,0.3899,0.0218,1.0,17.2,6.2,1.0,2.6,34.0,0.0,11.0,11.1,10.2,0.0
194,2022,0.9621,0.9023,0.9966,0.6216,0.7635,3.0,46.1,7.6,15.7,21.6,51.8,12.5,16.3,19.8,29.4,0.1
195,2022,0.2529,0.0793,0.1412,0.2213,0.8289,1.0,7.0,13.1,3.8,1.8,20.8,9.7,12.1,13.8,2.4,0.5
196,2022,0.7759,0.9184,0.116,0.4782,0.9059,6.0,57.5,16.7,23.5,8.4,40.2,7.5,25.3,12.5,7.3,0.0
197,2022,0.5736,0.1816,0.8427,0.5917,0.7417,3.0,16.3,2.8,8.7,4.5,48.8,15.2,24.3,10.3,26.2,2.5
198,2022,0.2874,0.4391,0.1596,0.3624,0.3008,2.0,23.2,1.9,23.4,12.7,31.8,9.5,19.1,21.7,3.3,0.0
199,2022,0.7529,0.554,0.8152,0.4197,0.8507,3.0,15.2,6.5,23.1,8.6,36.3,6.1,17.0,26.7,3.7,0.0
200,2022,0.4575,0.3402,0.3123,0.1468,0.8599,3.0,14.9,6.1,7.5,3.3,14.6,6.3,13.9,17.2,3.8,0.7
201,2022,0.1678,0.4529,0.1228,0.4656,0.0769,2.0,16.0,18.2,10.3,17.4,39.3,0.0,13.0,18.1,1.3,0.0
202,2022,0.5276,0.8184,0.062,0.3876,0.558,1.0,38.1,13.2,16.9,19.0,33.8,5.9,14.1,21.5,2.0,0.0
203,2022,0.046,0.3931,0.0333,0.3337,0.0241,0.0,20.5,9.8,13.3,4.2,29.1,5.3,6.1,16.1,0.0,0.0
204,2022,0.0782,0.0494,0.5982,0.18,0.1102,1.0,14.2,1.7,3.3,4.5,17.7,1.5,8.1,8.4,2.2,0.0
205,2022,0.9034,0.8172,0.7807,0.6927,0.8909,3.0,43.4,7.5,17.1,13.7,60.9,17.6,17.9,13.6,12.1,17.4
206,2022,0.1667,0.2046,0.5936,0.1571,0.1137,0.0,14.9,3.1,14.2,9.6,15.5,3.5,7.0,12.9,3.6,1.4
207,2022,0.6575,0.8782,0.2755,0.6227,0.4558,2.0,45.4,10.4,19.6,10.9,52.0,0.0,27.3,18.9,5.5,0.0
208,2022,0.0598,0.2264,0.0115,0.1284,0.3743,2.0,7.7,4.6,8.6,0.4,12.9,0.0,10.6,6.3,3.2,0.0
209,2022,0.8011,0.9483,0.4271,0.6181,0.6705,6.0,60.9,23.2,25.2,17.9,51.7,17.0,28.9,23.8,18.6,1.8
210,2022,0.9851,0.9299,0.9414,0.9163,0.9449,8.0,77.9,7.9,13.8,24.4,90.1,19.2,42.8,28.7,32.9,6.0
211,2022,0.7943,0.946,0.6338,0.5986,0.4822,4.0,44.5,33.5,28.0,14.2,49.7,7.6,23.0,29.4,0.8,5.7
212,2022,0.677,0.8931,0.1091,0.7695,0.6142,3.0,35.9,16.8,28.7,19.6,69.4,12.8,24.8,31.1,6.1,4.8
213,2022,0.9736,1.0,0.8817,0.7982,0.752,8.0,60.8,25.9,25.6,36.3,72.6,15.2,30.9,30.7,22.5,2.0
214,2022,0.6816,0.9655,0.2067,0.6732,0.3513,2.0,40.7,14.5,23.0,23.2,58.0,9.5,16.5,21.1,9.4,0.0
215,2022,0.9138,0.9977,0.3892,0.867,0.7497,6.0,70.1,18.3,18.1,33.6,84.1,21.8,26.9,11.9,24.9,1.9
216,2022,0.9184,0.9943,0.6659,0.8739,0.5947,6.0,71.2,13.3,18.6,28.5,85.3,21.8,31.4,23.9,12.6,13.5
217,2022,0.4391,0.3149,0.5924,0.3899,0.5385,1.0,25.6,6.1,3.5,4.8,34.0,0.0,5.9,5.5,13.8,0.0
218,2022,0.9805,0.9678,0.8209,0.7947,0.977,3.0,51.9,12.8,17.2,21.1,72.3,12.5,14.9,26.7,26.1,1.6
219,2022,0.3897,0.2977,0.9506,0.1433,0.1986,0.0,19.1,5.8,12.7,6.2,14.5,0.0,6.1,22.2,12.8,0.0
220,2022,0.6425,0.3954,0.9426,0.2305,0.6728,1.0,25.8,2.8,11.8,11.0,21.3,9.8,16.6,18.5,10.6,0.0
221,2022,0.2805,0.6621,0.0781,0.2374,0.2193,2.0,13.1,12.2,20.2,6.2,21.8,5.0,4.3,11.9,4.9,0.0
222,2022,0.1402,0.1437,0.6889,0.0413,0.0976,1.0,14.1,9.1,5.7,5.8,5.4,4.8,20.1,21.3,2.9,0.0
223,2022,0.2402,0.1609,0.5522,0.0356,0.3892,2.0,10.4,7.1,3.9,0.3,4.9,2.4,12.2,20.8,1.0,0.6
224,2022,0.4506,0.6805,0.7199,0.5344,0.0643,0.0,28.9,10.1,14.5,10.1,43.8,0.0,22.1,13.0,10.2,1.5
225,2022,0.2172,0.5023,0.6475,0.3073,0.0069,0.0,28.4,6.8,19.0,4.1,26.9,1.2,15.4,18.5,9.1,0.0
226,2022,0.7678,0.7011,0.6693,0.7603,0.7451,3.0,56.1,6.9,12.8,8.4,68.8,4.1,6.3,12.1,9.7,10.6
227,2022,0.2356,0.1943,0.2216,0.4507,0.4168,0.0,26.4,0.6,10.9,6.8,38.2,4.5,14.9,13.9,12.2,17.2
228,2022,0.4425,0.3333,0.7899,0.0688,0.4753,0.0,22.5,3.6,8.8,12.2,8.1,1.9,5.0,18.4,4.0,19.5
229,2022,0.0333,0.0471,0.5189,0.2144,0.0149,1.0,1.2,2.8,5.8,5.4,20.2,1.0,8.0,21.3,3.6,1.5
230,2022,0.6517,0.523,0.8749,0.3131,0.5752,1.0,23.7,10.5,16.0,6.7,27.3,1.3,8.2,22.7,12.1,1.1
231,2022,0.7276,0.8483,0.4719,0.7626,0.5212,3.0,33.8,7.8,23.0,18.8,69.1,7.6,8.2,12.3,17.3,0.6
232,2022,0.7161,0.7161,0.4868,0.7282,0.7256,1.0,35.9,10.5,15.2,8.6,65.1,5.7,12.7,15.0,29.7,10.5
233,2022,0.3644,0.5264,0.8163,0.6388,0.0184,2.0,13.1,3.7,19.2,14.3,54.4,0.0,4.2,27.5,0.9,0.2
234,2022,0.8322,0.7747,0.9001,0.6812,0.6383,3.0,43.1,14.3,23.2,1.4,59.3,8.0,10.7,18.4,18.6,3.4
235,2022,0.3575,0.5736,0.7509,0.5103,0.0253,1.0,32.0,7.0,6.7,12.8,42.3,1.9,9.4,24.4,14.7,3.8
236,2022,0.5471,0.477,0.6808,0.4427,0.4914,0.0,14.7,14.6,12.3,8.6,37.4,6.8,14.3,23.9,14.5,0.7
237,2022,0.8644,0.7759,0.9713,0.4587,0.6935,6.0,55.3,6.4,22.7,7.6,38.7,1.1,5.7,29.1,12.1,17.0
238,2022,0.8494,0.7989,0.8094,0.6778,0.7486,4.0,44.7,21.0,15.8,5.1,58.9,10.0,18.4,13.5,26.0,3.6
239,2022,0.0448,0.1264,0.4064,0.2787,0.0172,1.0,15.9,7.7,2.1,8.2,25.5,0.0,11.7,19.3,2.2,7.7
240,2022,0.1701,0.0977,0.7738,0.6032,0.0402,1.0,10.6,1.2,10.7,3.9,50.1,2.3,0.0,13.6,15.6,7.0
241,2022,0.4057,0.7908,0.3708,0.414,0.0804,3.0,35.0,11.8,26.3,11.2,36.1,0.0,21.3,9.4,14.3,0.0
242,2022,0.2057,0.1713,0.1642,0.1078,0.5683,3.0,16.8,0.0,5.3,8.5,11.4,16.5,9.1,29.5,1.6,0.0
243,2022,0.4368,0.1379,0.7922,0.25,0.6602,4.0,17.9,0.6,0.7,18.0,22.8,15.5,45.1,33.5,0.0,26.3
244,2022,0.7149,0.7885,0.961,0.5298,0.1975,3.0,39.6,11.9,19.4,11.2,43.5,0.9,11.0,23.0,2.5,17.6
245,2022,0.8115,0.731,0.8312,0.5803,0.7853,2.0,31.5,9.7,12.7,12.0,48.0,14.9,12.1,21.5,7.6,17.1
246,2022,0.1345,0.1782,0.0804,0.3096,0.3915,1.0,14.4,6.5,1.7,4.4,27.1,0.0,0.0,15.2,1.1,18.7
247,2022,0.3115,0.3138,0.1493,0.4037,0.5499,1.0,17.7,2.5,8.9,11.6,34.8,3.4,12.6,11.8,5.2,8.9
248,2022,0.0632,0.3747,0.0689,0.5516,0.0126,1.0,15.2,18.5,7.6,7.7,45.5,0.6,10.2,14.2,4.7,1.7
249,2022,0.0713,0.0414,0.7612,0.156,0.0287,1.0,10.7,0.0,7.6,4.7,15.4,2.0,5.9,10.7,2.7,0.0
250,2022,0.2011,0.2414,0.3444,0.2466,0.2491,2.0,13.8,7.7,12.0,8.6,22.6,0.7,8.6,16.6,0.8,14.4
251,2022,0.1057,0.069,0.1378,0.4106,0.3961,0.0,13.0,2.4,7.5,5.1,35.6,0.0,6.2,11.2,0.0,5.8
252,2022,0.5632,0.3667,0.4007,0.3796,0.9001,2.0,17.3,5.1,11.9,17.3,33.0,3.3,5.7,20.0,9.8,17.0
253,2022,0.1092,0.5276,0.054,0.3842,0.0413,0.0,12.0,11.5,12.3,13.4,33.5,0.0,13.0,21.6,1.9,23.3
254,2022,0.0977,0.054,0.4237,0.0103,0.3123,1.0,11.7,2.8,7.2,9.1,1.6,7.0,9.0,13.0,6.1,16.3
255,2022,0.5448,0.8448,0.3065,0.0287,0.4409,2.0,36.5,14.7,15.5,17.1,3.9,3.8,13.1,12.8,10.5,39.3
256,2022,0.4517,0.4943,0.4707,0.0103,0.5821,0.0,23.1,7.6,18.5,11.3,1.6,1.7,10.2,22.2,9.6,27.5
257,2022,0.1621,0.2931,0.1734,0.1743,0.2537,0.0,15.9,4.2,16.7,5.0,17.4,4.9,12.6,18.9,4.3,13.5
258,2022,0.1828,0.4149,0.5224,0.2959,0.023,1.0,8.0,3.6,14.0,10.2,26.3,0.0,8.7,15.0,4.7,12.1
259,2022,0.1506,0.1115,0.2572,0.4323,0.2801,0.0,8.7,0.8,12.3,5.7,37.0,0.0,13.3,13.9,4.8,0.0
260,2022,0.3425,0.146,0.5029,0.2695,0.6556,1.0,16.6,2.9,8.6,4.1,24.8,12.6,3.7,30.8,1.3,15.1
261,2022,0.3678,0.3805,0.372,0.094,0.5591,1.0,19.5,7.9,10.5,17.4,10.2,1.1,12.4,23.1,3.8,41.5
262,2022,0.369,0.4057,0.3972,0.1433,0.504,0.0,13.8,6.5,16.0,15.0,14.5,13.2,28.7,24.2,2.9,31.5
263,2022,0.0115,0.0644,0.0413,0.0333,0.0344,0.0,14.9,0.0,10.9,9.2,4.7,0.0,3.9,21.4,0.0,20.4
264,2022,0.1805,0.5908,0.1699,0.2317,0.0494,0.0,23.9,8.1,17.0,9.8,21.4,0.6,4.6,16.8,3.2,19.3
265,2022,0.8782,0.8747,0.9541,0.7271,0.5063,5.0,35.4,3.2,29.4,33.9,65.0,4.9,40.6,31.0,13.6,1.6
266,2022,0.7471,0.6713,0.884,0.531,0.5718,1.0,29.4,6.7,15.8,11.4,43.6,2.5,21.7,20.2,8.3,3.9
267,2022,0.1655,0.1138,0.3249,0.4667,0.2641,2.0,12.7,1.2,6.1,4.7,39.4,6.2,7.7,33.7,0.0,1.1
268,2022,0.3943,0.6414,0.3743,0.5745,0.1676,4.0,45.0,1.7,19.8,4.4,47.4,3.5,34.7,29.5,0.0,0.0
269,2022,0.7506,0.7,0.783,0.3876,0.7164,2.0,42.2,5.0,15.7,6.1,33.8,15.3,12.5,11.7,22.3,1.6
270,2022,0.9828,0.9966,0.9931,0.8475,0.5867,7.0,59.0,15.6,25.3,35.3,79.1,13.6,37.6,20.8,27.3,2.7
271,2022,,,,0.8589,,,,,,15.8,82.1,,,,,
272,2022,0.1862,0.0931,0.6613,0.7511,0.0873,0.0,10.3,0.2,7.4,3.9,67.3,1.4,6.1,11.4,8.2,2.1
273,2022,0.0667,0.0356,0.0631,0.4759,0.3559,0.0,10.6,1.8,4.1,0.2,39.9,2.9,4.2,6.9,7.1,0.0
274,2022,0.5218,0.7506,0.4627,0.945,0.0999,1.0,39.4,9.4,13.3,12.5,93.7,5.4,10.9,12.1,10.4,9.5
275,2022,0.5828,0.7333,0.0402,0.9805,0.7038,2.0,33.3,10.3,16.2,7.7,98.9,4.3,13.2,13.7,7.7,0.0
276,2022,0.8069,0.7368,0.8439,0.7076,0.6969,1.0,30.7,11.2,17.9,10.1,62.8,4.9,5.1,15.5,15.7,0.0
277,2022,0.7931,0.7471,0.5741,0.9885,0.7405,1.0,45.3,6.0,14.5,11.6,99.4,5.2,10.4,19.7,8.5,0.5
278,2022,0.9759,0.9207,0.9897,0.9885,0.729,4.0,44.6,7.8,21.7,21.3,99.4,9.6,17.8,21.5,11.4,0.0
279,2022,0.8471,0.846,0.7038,0.9553,0.6429,3.0,43.7,16.9,15.1,12.2,95.6,6.1,10.4,16.5,22.2,1.1
280,2022,0.7368,0.8069,0.7842,0.9679,0.2606,4.0,55.5,6.4,14.4,15.8,97.6,12.0,18.0,16.0,27.5,0.0
281,2022,0.7391,0.9529,0.2124,0.9966,0.4317,4.0,64.6,6.7,27.7,18.7,99.9,12.9,23.7,21.3,4.5,0.0
282,2022,0.9103,0.9506,0.5442,0.9794,0.7899,3.0,43.8,21.0,15.1,30.2,98.8,11.7,32.8,16.9,5.8,1.9
283,2022,0.908,0.8575,0.6452,0.9484,0.8875,7.0,62.5,5.8,12.7,32.8,94.3,38.0,39.3,27.3,10.1,0.0
284,2022,0.831,0.9885,0.4776,0.9989,0.4432,7.0,49.1,17.6,21.3,27.1,100.0,31.5,32.5,27.9,12.6,1.7
285,2022,0.3598,0.3943,0.1803,0.3222,0.5936,1.0,32.5,4.8,9.3,1.2,27.9,4.7,5.4,12.0,9.5,1.7
286,2022,0.1034,0.0874,0.1963,0.0826,0.4087,2.0,7.9,9.2,2.0,1.7,9.4,1.3,2.2,6.9,0.0,0.0
287,2022,0.0908,0.1724,0.0126,0.2718,0.5855,1.0,18.2,2.1,6.5,2.0,25.0,4.5,3.0,6.1,2.2,0.5
288,2022,0.6989,0.8322,0.0918,0.8142,0.7865,4.0,48.9,5.5,21.3,13.2,74.5,21.3,27.9,10.9,4.6,0.0
289,2022,0.9529,0.9989,0.1906,0.961,0.9656,9.0,62.1,19.6,25.9,27.7,96.1,19.0,21.4,10.6,25.5,1.7
290,2022,0.8333,0.9621,0.4225,0.9323,0.6085,5.0,57.5,10.9,24.8,16.5,92.1,7.7,14.4,16.9,14.0,0.0
291,2022,0.9207,0.8736,0.8519,0.9954,0.7279,4.0,46.8,23.8,14.8,13.9,99.8,7.0,12.8,11.7,17.3,4.4
292,2022,0.9011,0.9575,0.69,0.9862,0.6154,5.0,56.7,22.4,16.8,16.1,99.3,12.1,18.6,27.2,12.0,0.0
293,2022,0.9253,0.9333,0.4489,0.9656,0.9196,4.0,51.2,10.4,23.1,16.1,97.1,13.7,14.1,20.8,6.9,0.0
294,2022,0.2126,0.1851,0.0069,0.8291,0.7474,2.0,24.2,2.8,5.3,9.8,75.9,7.8,5.8,16.7,0.0,0.7
295,2022,0.9632,0.969,0.6843,0.906,0.946,3.0,61.9,14.7,16.3,23.6,87.9,13.4,13.1,12.6,14.3,4.0
296,2022,0.5931,0.7736,0.0161,0.9128,0.814,3.0,52.3,9.5,18.4,7.5,89.8,16.8,19.7,17.7,1.1,6.0
297,2022,0.9299,0.977,0.7853,0.9725,0.5832,5.0,66.1,13.6,16.2,24.3,98.1,5.8,19.2,14.4,12.3,0.0
298,2022,0.846,0.9391,0.2997,0.9576,0.7669,5.0,45.0,12.1,25.1,16.3,95.8,1.2,7.7,7.6,26.2,1.3
299,2022,0.7897,0.9103,0.3731,0.9553,0.6177,5.0,46.0,12.4,19.7,16.2,95.6,9.6,6.9,11.2,20.7,0.0
300,2022,0.4954,0.8897,0.1986,0.8956,0.0677,1.0,47.7,5.5,16.3,21.5,87.2,1.1,6.1,12.6,15.5,0.0
301,2022,0.877,0.9782,0.5557,0.9805,0.5235,5.0,54.9,14.3,24.1,20.3,98.9,12.9,13.0,14.4,7.4,0.0
302,2022,0.8552,0.9218,0.8737,0.9048,0.372,7.0,65.5,18.8,15.1,12.3,87.7,2.7,9.0,13.6,25.9,0.0
303,2022,0.254,0.3598,0.0976,0.8406,0.2468,0.0,24.6,4.4,11.9,5.1,77.4,4.5,5.4,17.3,4.9,0.0
304,2022,0.4897,0.5402,0.6544,0.9025,0.1607,3.0,34.6,2.4,14.4,6.5,87.6,2.7,2.5,11.9,14.5,0.0
305,2022,0.6195,0.3368,0.7945,0.68,0.6567,2.0,17.3,6.6,12.3,9.1,59.1,11.3,14.0,18.4,6.7,2.0
306,2022,0.9724,0.8287,0.9816,0.9427,0.9173,2.0,50.9,11.5,14.1,9.9,93.3,15.1,20.2,26.4,16.1,0.4
307,2022,0.6299,0.4747,0.6418,0.9438,0.527,2.0,17.7,10.5,10.3,6.9,93.5,4.8,3.7,16.0,7.4,1.4
308,2022,0.8874,0.8701,0.6119,0.9828,0.8186,4.0,50.2,24.9,10.1,19.7,99.2,11.0,10.3,15.9,26.2,0.0
309,2022,0.7241,0.7046,0.597,0.9759,0.5741,2.0,44.0,6.0,17.0,14.3,98.3,18.1,22.1,19.0,9.7,0.0
310,2022,0.4471,0.2747,0.8863,0.625,0.2445,0.0,18.2,7.9,9.1,6.4,52.7,4.0,12.1,15.1,13.0,0.3
311,2022,0.623,0.5828,0.7543,0.6995,0.4018,2.0,27.0,6.0,15.4,7.8,61.4,2.6,3.7,8.3,18.1,0.0
312,2022,0.3816,0.2586,0.2664,0.3945,0.7187,1.0,21.4,0.0,9.3,9.2,34.4,6.8,9.2,15.6,1.8,2.7
313,2022,0.5092,0.1322,0.8255,0.6709,0.6326,0.0,12.7,7.3,7.7,6.8,57.9,1.1,13.9,20.1,7.6,8.6
314,2022,0.6632,0.5713,0.7153,0.7787,0.5316,0.0,28.4,4.5,15.4,11.5,70.3,7.2,18.7,18.9,4.7,26.4
315,2022,0.4092,0.423,0.403,0.7351,0.3295,0.0,27.6,6.4,9.8,16.5,65.6,6.7,34.0,15.9,6.1,29.7
316,2022,0.5862,0.3552,0.3651,0.555,0.9047,1.0,21.3,4.8,12.0,10.4,45.6,7.6,11.8,14.3,5.0,10.6
317,2022,0.9552,0.9586,0.8783,0.9713,0.7543,7.0,59.2,13.9,15.0,19.8,98.0,9.7,23.3,13.1,23.7,8.0
318,2022,0.6161,0.5506,0.4305,0.8096,0.6372,2.0,41.6,4.6,10.3,5.6,73.7,0.9,12.7,9.1,14.3,0.0
319,2022,0.2138,0.1264,0.8117,0.6537,0.0459,1.0,11.7,4.5,5.9,3.3,56.0,1.4,6.4,11.4,21.4,0.0
320,2022,0.1264,0.0184,0.2388,0.453,0.4684,1.0,11.7,0.6,2.1,2.7,38.3,0.7,4.0,15.6,6.1,3.1
321,2022,0.2264,0.2011,0.5385,0.6067,0.1366,0.0,12.1,5.8,10.4,7.5,50.5,1.1,4.3,11.2,5.6,13.9
322,2022,0.3517,0.3609,0.6165,0.9404,0.1056,1.0,25.6,7.0,10.6,3.2,93.1,1.5,9.8,9.7,16.7,0.0
323,2022,0.3299,0.2161,0.9392,0.758,0.0528,1.0,31.8,3.6,6.3,4.8,68.0,0.0,15.3,16.1,17.0,3.1
324,2022,0.6943,0.808,0.1206,0.9071,0.7336,2.0,41.7,13.5,14.8,14.0,88.5,7.6,14.4,11.4,4.5,3.7
325,2022,0.7655,0.5931,0.76,0.9587,0.7003,4.0,59.6,0.8,9.5,12.6,95.9,7.8,27.2,11.8,15.8,1.6
326,2022,0.9793,0.8115,0.9139,0.9381,1.0,6.0,49.4,4.7,12.9,19.9,92.9,21.5,15.7,16.4,17.4,4.6
327,2022,0.3494,0.5494,0.248,0.9599,0.1125,2.0,34.0,11.6,12.6,8.9,96.0,1.6,3.6,5.7,17.1,0.0
328,2022,0.7345,0.6563,0.9231,0.93,0.3628,1.0,39.4,13.4,5.5,12.4,91.7,1.4,6.3,14.6,13.7,0.0
329,2022,0.3241,0.0908,0.2503,0.8956,0.62,0.0,9.9,4.6,7.8,5.8,87.2,5.9,6.3,17.3,9.9,2.6
330,2022,0.2494,0.1862,0.1768,0.8303,0.3444,1.0,18.6,3.1,7.6,2.7,76.1,2.8,14.0,7.9,22.4,0.0
331,2022,0.0736,0.1172,0.1871,0.914,0.0333,1.0,7.0,4.6,10.6,4.7,89.9,4.2,12.0,10.0,8.9,1.0
332,2022,0.0966,0.0264,0.2342,0.3314,0.4156,0.0,12.1,0.6,6.1,7.7,28.3,6.3,22.0,18.0,6.4,24.6
333,2022,0.0621,0.1368,0.0276,0.5057,0.2262,0.0,25.8,3.0,3.8,4.4,41.9,1.5,3.3,12.5,1.9,15.8
334,2022,0.408,0.1989,0.7279,0.7179,0.3858,1.0,27.1,2.8,6.1,10.4,63.5,5.8,29.3,15.2,7.3,15.8
335,2022,0.5483,0.5874,0.868,0.8383,0.1114,0.0,42.9,11.0,10.5,13.9,77.1,3.2,21.7,22.4,8.2,22.8
336,2022,0.7586,0.9724,0.0861,0.9702,0.5844,3.0,50.2,10.7,18.3,32.0,97.9,9.9,34.5,19.0,4.6,2.3
337,2022,0.5678,0.8977,0.0034,0.9335,0.7313,2.0,48.1,11.7,18.2,17.5,92.7,12.1,24.1,5.7,2.3,0.4
338,2022,0.9678,0.9379,0.9862,0.969,0.6923,6.0,61.6,6.2,16.0,35.0,97.8,27.2,38.4,29.3,20.5,2.7
339,2022,0.9414,0.9149,0.899,0.8429,0.7623,1.0,52.1,8.7,15.8,20.9,78.1,12.3,33.0,31.7,12.6,19.3
340,2022,0.8023,0.6667,0.7359,0.8704,0.8278,2.0,56.7,3.3,10.4,16.9,85.0,8.0,39.8,28.8,6.4,22.1
341,2022,0.8931,0.8989,0.7979,0.9656,0.6257,6.0,53.3,16.3,13.6,19.0,97.1,15.6,45.7,32.2,20.5,32.6
342,2022,0.6897,0.6471,0.6728,0.8555,0.5304,2.0,38.7,7.8,9.8,13.7,80.4,15.6,31.2,31.8,12.7,32.7
343,2022,0.9563,0.8437,0.752,0.8693,0.9908,4.0,51.8,7.1,12.3,23.8,84.9,21.7,40.1,31.3,21.2,19.4
344,2022,0.8517,0.8345,0.7566,0.8773,0.6613,3.0,44.9,13.4,8.8,21.6,85.8,24.6,30.2,40.7,13.8,40.9
345,2022,0.8563,0.8598,0.8978,0.8154,0.5155,0.0,42.4,12.1,13.4,21.3,74.8,8.7,33.0,22.1,15.4,9.3
346,2022,0.7644,0.9011,0.8393,0.6904,0.24,3.0,54.2,11.3,12.4,17.7,60.6,5.0,26.8,32.1,9.4,20.9
347,2022,0.9609,0.9816,0.8129,0.9312,0.8083,6.0,64.9,15.9,18.2,32.1,91.9,18.2,29.3,28.4,16.9,8.0
348,2022,0.8839,0.8161,0.256,0.797,0.9977,4.0,33.5,12.1,12.8,35.7,72.5,17.3,64.0,37.7,1.0,17.6
349,2022,0.2908,0.323,0.2629,0.0413,0.5098,0.0,23.7,2.7,11.9,20.0,5.4,4.2,22.2,9.5,3.7,28.9
350,2022,0.1713,0.2425,0.3192,0.0172,0.2618,0.0,23.2,0.8,10.2,21.7,2.7,3.2,35.3,16.2,0.1,24.7
351,2022,0.3839,0.1874,0.3571,0.1468,0.8427,0.0,17.5,2.8,8.9,15.3,14.6,7.4,18.5,20.3,3.8,12.3
352,2022,0.4379,0.3977,0.1527,0.3222,0.8152,1.0,24.1,3.4,15.2,10.0,27.9,9.8,17.3,21.4,7.5,5.2
353,2022,0.1529,0.1828,0.4282,0.0206,0.2181,1.0,22.2,3.8,7.7,9.9,3.0,0.1,15.8,14.3,11.9,15.3
354,2022,0.031,0.1529,0.0815,0.1548,0.0551,0.0,19.9,3.0,9.1,10.2,15.3,0.0,23.8,11.2,0.7,27.4
355,2022,0.4299,0.6839,0.101,0.0344,0.6292,1.0,36.4,18.8,13.3,16.7,4.8,3.6,10.0,18.9,3.5,21.5
356,2022,0.108,0.0517,0.5431,0.008,0.2664,0.0,13.6,1.5,9.8,7.0,0.7,0.8,9.4,24.4,3.6,17.8
357,2022,0.3747,0.5598,0.1825,0.0745,0.5178,0.0,26.7,9.7,16.8,13.1,8.9,0.9,22.7,19.4,6.8,29.3
358,2022,0.1874,0.2195,0.3812,0.0608,0.2767,0.0,16.3,8.6,6.1,9.3,7.1,3.0,13.7,19.7,10.4,13.6
359,2022,0.5805,0.4586,0.4133,0.1227,0.9036,0.0,19.1,7.3,16.5,11.7,12.2,4.4,13.8,15.2,3.7,28.9
360,2022,0.1,0.2103,0.1389,0.0642,0.2675,0.0,10.6,8.1,11.5,7.7,7.6,2.5,20.0,14.6,1.5,29.2
361,2022,0.1563,0.1092,0.3146,0.0642,0.4271,0.0,18.8,1.1,5.3,7.9,7.6,0.7,9.7,22.2,7.8,22.0
362,2022,0.431,0.8253,0.3662,0.2649,0.1079,0.0,50.7,10.4,17.1,13.4,24.3,0.0,8.5,21.2,6.6,11.7
363,2022,0.154,0.2667,0.3927,0.3773,0.0735,1.0,9.8,5.5,10.5,8.7,32.8,0.0,10.6,16.6,15.1,35.7
364,2022,0.6333,0.708,0.6682,0.1353,0.5522,2.0,22.5,6.9,15.8,29.8,13.9,4.2,14.3,27.2,9.0,0.8
365,2022,0.3023,0.2,0.1458,0.2741,0.7509,2.0,19.1,2.5,6.1,2.5,25.1,15.7,11.7,23.0,0.0,3.2
366,2022,0.6414,0.7299,0.8347,0.3693,0.3065,0.0,39.0,5.8,16.7,10.0,32.1,0.6,10.6,19.2,17.2,1.9
367,2022,0.492,0.2793,0.8507,0.4438,0.4604,2.0,15.2,2.8,16.7,3.9,37.5,0.8,7.2,18.2,10.7,3.0
368,2022,0.4494,0.3092,0.7026,0.0608,0.6188,2.0,19.6,5.4,5.3,7.1,7.1,7.4,10.5,20.2,2.2,0.0
369,2022,0.0759,0.0782,0.5075,0.219,0.0815,1.0,8.7,2.3,11.1,4.0,20.7,0.7,10.2,15.4,13.0,0.8
370,2022,0.1069,0.0621,0.5752,0.3578,0.1355,0.0,12.0,3.4,6.5,8.9,31.3,0.0,14.7,19.9,3.7,7.7
371,2022,0.4713,0.2724,0.7876,0.3039,0.5075,0.0,13.6,5.9,10.0,2.2,26.8,2.2,7.2,17.9,11.1,0.0
372,2022,0.4046,0.3678,0.651,0.4908,0.2997,2.0,31.4,4.6,6.5,18.0,41.1,2.1,13.2,33.8,9.4,11.5
373,2022,0.6655,0.6115,0.814,0.5023,0.5201,0.0,30.9,14.0,13.1,12.1,41.7,3.9,1.9,23.7,3.8,30.6
374,2022,0.1793,0.169,0.333,0.4197,0.2388,0.0,11.3,11.6,7.8,4.7,36.3,6.3,9.9,15.4,11.1,5.0
375,2022,0.1011,0.1954,0.589,0.1307,0.0425,0.0,19.3,1.7,11.1,10.1,13.5,0.0,1.6,15.8,7.6,0.0
376,2022,0.1977,0.3736,0.4845,0.1101,0.101,2.0,7.2,18.7,12.2,7.3,11.6,0.0,7.1,12.5,18.3,5.1
377,2022,0.7138,0.6356,0.9323,0.4232,0.5258,1.0,36.9,8.3,14.9,13.1,36.4,0.6,6.4,25.0,5.5,26.5
378,2022,0.8954,0.7126,0.9357,0.7489,0.8852,3.0,25.3,7.7,17.7,14.8,67.0,3.9,17.6,29.2,11.7,2.4
379,2022,0.6253,0.7264,0.7072,0.6239,0.2916,2.0,33.1,12.7,8.1,18.4,52.5,13.2,11.8,20.2,22.1,0.0
380,2022,0.5644,0.3563,0.8358,0.6296,0.4799,2.0,22.6,2.1,16.7,2.3,53.2,15.3,7.2,15.0,18.8,22.6
381,2022,0.6954,0.7057,0.7405,0.3807,0.6005,2.0,23.1,13.1,16.8,17.9,33.2,18.5,28.4,33.4,8.0,6.3
382,2022,0.0586,0.1402,0.3525,0.0287,0.0654,3.0,11.4,0.9,3.6,27.2,3.9,3.2,15.0,50.8,0.2,10.9
383,2022,0.2759,0.3103,0.2101,0.7374,0.2549,0.0,21.8,5.6,10.9,6.3,66.0,8.5,12.8,22.4,0.0,0.6
384,2022,0.5747,0.6126,0.6234,0.9197,0.2732,3.0,25.8,4.2,16.8,17.0,90.5,10.3,31.2,27.2,20.5,2.4
385,2022,0.7793,0.9874,0.5098,0.953,0.248,5.0,50.1,16.0,35.4,22.9,95.5,4.3,32.6,17.4,18.4,1.2
386,2022,0.6448,0.6287,0.2985,0.9782,0.6521,2.0,41.8,3.7,14.8,10.1,98.7,6.8,21.2,16.0,5.7,4.0
387,2022,0.7092,0.8425,0.5637,0.9335,0.3169,3.0,46.0,16.9,19.9,13.4,92.7,2.1,29.2,24.3,8.3,0.0
388,2022,0.9425,0.9713,0.5775,0.6411,0.9346,1.0,52.0,25.3,18.8,19.9,54.5,7.9,28.9,21.0,4.6,7.9
389,2022,0.9264,0.8759,0.9104,0.7385,0.8048,4.0,40.5,15.0,17.3,13.6,66.2,6.0,17.0,14.8,22.7,0.9
390,2022,0.8977,0.9701,0.8898,0.8211,0.4478,5.0,50.2,15.5,24.7,16.6,75.2,2.8,12.6,17.4,14.3,3.6
391,2022,0.9897,0.7609,1.0,0.7867,0.9621,6.0,50.5,8.6,7.7,15.7,71.0,22.0,30.2,25.7,15.0,0.0
392,2022,0.7494,0.5644,0.7532,0.6433,0.7968,1.0,43.1,5.4,8.3,10.0,54.9,2.3,20.4,21.5,17.7,0.0
393,2022,0.5322,0.4598,0.7991,0.2248,0.4627,1.0,20.9,6.3,14.3,9.5,21.1,3.1,9.5,22.5,1.1,4.4
394,2022,0.123,0.0563,0.8197,0.1273,0.0907,2.0,8.7,3.5,5.9,3.1,12.7,2.5,8.5,15.9,6.4,0.0
395,2022,0.1575,0.3345,0.2974,0.328,0.0827,2.0,25.0,8.6,4.5,15.2,28.1,0.0,21.0,27.6,0.0,1.6
396,2022,0.5586,0.5609,0.4432,0.5138,0.5924,0.0,36.4,7.0,8.8,10.8,42.5,12.5,21.5,17.2,10.3,1.1
397,2022,0.2989,0.3575,0.2044,0.6456,0.3031,2.0,25.1,1.5,21.6,13.9,55.2,4.3,62.1,18.8,4.9,43.1
398,2022,0.0977,0.1494,0.4202,0.1904,0.1274,2.0,16.6,1.3,0.0,11.2,18.4,4.1,39.7,29.5,1.6,21.4
399,2022,0.5897,0.2207,0.5855,0.6869,0.8932,1.0,30.8,2.0,7.4,14.1,60.0,18.5,36.1,23.2,12.1,14.8
400,2022,0.2023,0.0379,0.6211,0.2534,0.4145,2.0,15.5,1.5,4.2,10.4,22.9,8.4,30.4,20.1,12.0,36.6
401,2022,0.4908,0.4345,0.3502,0.4782,0.6475,0.0,45.6,8.9,11.0,6.4,40.2,12.3,37.9,23.3,0.0,33.3
402,2022,0.6287,0.7172,0.3203,0.8922,0.5006,1.0,43.0,4.0,17.8,10.4,87.0,10.1,48.5,9.3,16.7,22.8
403,2022,0.231,0.1506,0.3766,0.8761,0.1929,1.0,26.6,2.9,2.4,15.4,85.6,7.9,48.8,18.7,8.5,23.5
404,2022,0.9322,0.8195,0.9231,0.9083,0.8255,3.0,58.2,10.3,11.3,16.1,89.1,12.4,3.0,12.6,26.1,19.1
405,2022,0.6264,0.723,0.6498,0.922,0.2285,4.0,60.5,1.7,14.6,33.3,90.7,5.1,12.6,19.6,16.7,51.2
406,2022,0.2034,0.3115,0.0873,0.8372,0.2044,1.0,34.2,4.8,6.9,17.2,77.0,0.3,23.4,10.5,2.0,38.6
407,2022,0.8241,0.8138,0.4535,0.9289,0.8462,4.0,46.4,6.4,12.2,26.3,91.6,6.6,11.1,13.6,14.7,15.0
408,2022,0.4253,0.5621,0.2537,0.8486,0.2629,1.0,28.4,6.7,14.8,10.9,79.2,2.1,39.2,14.9,9.3,37.1
409,2022,0.9471,0.8023,0.9082,0.703,0.9472,0.0,45.0,12.4,15.0,10.1,61.8,10.3,19.1,22.6,9.4,16.9
410,2022,0.5529,0.6977,0.3456,0.7729,0.3708,1.0,44.6,10.6,9.2,14.9,69.8,10.2,31.6,21.5,1.0,26.3
411,2022,0.4851,0.5966,0.5488,0.6112,0.2572,0.0,29.5,6.8,12.8,19.1,50.8,3.5,32.4,22.6,8.1,22.5
412,2022,0.354,0.254,0.2767,0.2821,0.6992,1.0,26.5,5.7,7.2,7.5,25.7,12.4,29.6,15.7,8.3,36.5
413,2022,0.3632,0.3414,0.6131,0.203,0.3846,0.0,31.5,1.4,12.3,8.5,19.6,9.9,55.8,21.4,7.7,16.0
414,2022,0.0931,0.1149,0.0999,0.0172,0.4788,1.0,14.8,0.0,16.6,5.4,2.7,0.0,5.8,7.7,4.4,15.9
415,2022,0.1218,0.2437,0.1068,0.4908,0.1803,0.0,24.7,1.2,9.5,21.6,41.1,0.8,32.2,10.7,1.1,28.2
416,2022,0.3276,0.2632,0.411,0.2844,0.4811,0.0,24.3,1.1,10.8,14.9,25.8,9.4,24.2,18.1,6.4,18.7
417,2022,0.2966,0.3966,0.7313,0.1055,0.1183,0.0,33.0,4.7,10.1,5.3,11.1,1.0,34.0,15.4,8.5,13.2
418,2022,0.5966,0.2057,0.9369,0.5768,0.6889,1.0,28.3,1.8,9.0,8.0,47.6,0.0,21.1,13.0,13.9,10.4
419,2022,0.823,0.7149,0.938,0.7339,0.6648,3.0,56.7,0.0,10.0,28.2,65.5,3.6,43.1,15.9,16.3,1.0
420,2022,0.6678,0.6874,0.8829,0.6674,0.2847,1.0,32.9,6.5,13.1,12.8,57.6,6.5,22.6,19.0,12.6,0.0
421,2022,0.7425,0.8368,0.2491,0.875,0.6946,2.0,47.1,12.0,14.9,17.0,85.5,17.3,55.1,14.8,12.1,4.5
422,2022,0.2149,0.1333,0.3846,0.5963,0.2652,0.0,23.5,0.0,3.9,13.3,49.5,2.2,21.3,12.5,12.7,26.4
423,2022,0.8851,0.7782,0.8553,0.7798,0.8243,2.0,45.1,6.3,18.1,14.9,70.4,17.7,48.6,22.3,16.1,5.4
424,2022,0.1333,0.0989,0.5568,0.0585,0.2032,1.0,12.8,2.9,7.8,12.3,7.0,4.3,17.7,12.1,2.6,44.1
425,2022,0.0264,0.1184,0.0597,0.0447,0.0735,1.0,34.3,0.0,7.4,11.2,5.7,0.0,18.9,5.9,0.0,35.7
426,2022,0.146,0.2299,0.3605,0.1147,0.163,1.0,23.1,3.9,9.9,12.7,11.9,2.7,30.6,22.2,0.8,42.6
427,2022,0.1943,0.231,0.5614,0.0505,0.1825,1.0,24.3,1.7,10.5,17.6,6.3,4.1,30.8,25.2,0.0,34.8
428,2022,0.9483,0.8851,0.8794,0.5803,0.93,1.0,53.6,9.9,13.5,17.4,48.0,6.1,38.2,24.1,7.4,10.0
429,2022,0.2586,0.3506,0.1125,0.0275,0.5557,1.0,19.2,3.9,15.0,13.6,3.6,8.0,27.2,14.7,0.0,29.3
430,2022,0.4655,0.2115,0.7623,0.4404,0.5545,3.0,34.1,3.0,7.4,13.5,37.3,1.2,43.3,7.7,15.8,42.2
431,2022,,,,,,,,,,,,,,,,
432,2022,0.9885,0.908,0.946,0.7672,0.9897,4.0,44.8,23.6,19.9,22.4,69.3,8.1,29.1,21.3,15.2,21.2
433,2022,0.4644,0.4621,0.6533,0.7144,0.2216,0.0,21.4,7.7,9.2,17.2,63.3,1.7,30.2,21.8,7.6,19.0
434,2022,0.1368,0.2218,0.3054,0.2741,0.1515,0.0,25.4,1.1,12.3,10.4,25.1,0.6,13.8,13.2,1.5,19.2
435,2022,0.377,0.1425,0.209,0.3337,0.907,1.0,23.4,2.1,2.4,4.8,29.1,10.9,11.7,7.0,8.3,0.0
436,2022,0.477,0.6161,0.0666,0.5677,0.698,2.0,49.3,3.9,11.8,10.5,46.8,11.6,11.9,10.3,7.4,0.0
437,2022,0.3908,0.6517,0.008,0.367,0.8025,2.0,52.2,0.7,7.2,27.1,32.0,12.3,6.5,8.8,0.0,0.0
438,2022,0.4069,0.292,0.0494,0.4323,0.938,4.0,61.1,0.6,4.6,0.6,37.0,22.9,19.8,3.4,7.1,0.0
439,2022,0.3793,0.7092,0.2445,0.5734,0.1458,2.0,49.1,16.5,7.1,8.6,47.3,4.1,23.1,13.2,12.9,0.6
440,2022,0.2471,0.5724,0.0011,0.3372,0.6751,2.0,39.2,5.3,15.2,4.5,29.3,18.6,6.4,6.1,0.0,0.6
441,2022,0.2609,0.5172,0.0586,0.3922,0.2985,1.0,34.9,2.3,16.6,15.3,34.1,2.5,16.7,18.9,4.7,35.0
442,2022,0.2241,0.4701,0.1848,0.3177,0.1527,0.0,33.6,2.3,14.9,6.6,27.7,0.7,18.7,7.9,0.0,4.5
443,2022,0.1299,0.1287,0.2744,0.4507,0.1894,0.0,24.1,4.2,8.5,4.6,38.2,3.1,8.5,6.1,6.6,8.6
444,2022,0.2632,0.4184,0.1573,0.5,0.2365,0.0,33.8,2.7,10.0,9.7,41.6,2.0,15.6,18.2,3.0,17.9
445,2022,0.1644,0.3379,0.0046,0.3716,0.6441,1.0,41.4,2.4,6.6,2.3,32.3,2.8,2.8,10.1,2.0,6.9
446,2022,0.1609,0.0678,0.0207,0.211,0.8806,1.0,14.8,0.4,4.5,4.2,20.1,9.7,3.7,5.9,8.1,9.7
447,2022,0.208,0.2368,0.6177,0.297,0.1091,1.0,20.6,0.3,7.3,11.8,26.5,0.0,0.0,12.2,13.8,1.1
448,2022,0.1356,0.1805,0.0792,0.0046,0.5029,0.0,19.8,1.8,10.8,6.4,0.3,1.6,11.6,9.2,0.3,33.3
449,2022,0.3011,0.3839,0.3169,0.0917,0.4133,0.0,21.9,6.3,18.2,7.0,10.0,0.6,15.1,20.9,5.9,19.6
450,2022,0.131,0.0402,0.4374,0.2489,0.3307,0.0,15.8,3.8,4.8,4.3,22.7,2.1,24.7,15.3,6.8,13.4
451,2022,0.0816,0.2379,0.2606,0.172,0.0723,1.0,12.2,5.7,9.7,7.4,17.1,4.9,1.6,10.9,12.7,5.0
452,2022,0.2184,0.4885,0.1401,0.4002,0.1401,1.0,16.3,4.0,27.4,9.0,34.6,0.0,4.5,13.9,2.7,3.1
453,2022,0.1908,0.0851,0.473,0.3326,0.3398,1.0,12.0,1.5,8.6,6.5,28.7,0.0,12.6,11.6,5.5,1.7
454,2022,0.054,0.0161,0.5809,0.1881,0.1056,1.0,6.9,2.9,4.8,2.0,18.3,3.9,1.4,12.7,2.9,0.0
455,2022,0.1138,0.1253,0.2308,0.2764,0.2342,0.0,10.9,4.8,9.6,1.7,25.4,2.8,5.2,8.3,15.2,9.6
456,2022,0.4161,0.1517,0.9059,0.6055,0.341,0.0,24.0,1.6,5.9,4.9,50.4,3.6,1.2,21.7,7.1,1.6
457,2022,0.9943,0.9828,0.853,0.8028,0.9966,8.0,59.3,22.5,26.8,23.3,73.3,30.6,27.5,8.9,26.1,11.1
458,2022,0.3092,0.3782,0.0459,0.5837,0.5649,2.0,48.0,3.6,12.2,5.1,48.1,0.0,4.4,8.9,4.4,8.8
459,2022,0.3184,0.8402,0.0241,0.4197,0.1699,4.0,60.3,8.7,22.3,3.7,36.3,2.5,5.5,3.3,16.9,0.0
460,2022,0.4011,0.3724,0.2457,0.297,0.6716,3.0,38.8,1.4,8.0,2.4,26.5,4.2,8.4,16.9,6.0,1.8
461,2022,0.6138,0.7402,0.4948,0.2339,0.566,1.0,37.8,9.7,20.2,11.9,21.5,0.9,13.2,13.8,9.5,14.8
462,2022,0.2943,0.308,0.1929,0.1124,0.5729,0.0,14.5,8.5,10.2,11.3,11.7,7.5,15.3,17.4,1.8,9.3
463,2022,0.2816,0.6207,0.178,0.0528,0.2124,1.0,27.5,5.2,18.7,23.3,6.4,0.8,9.6,16.4,4.2,38.5
464,2022,0.1471,0.3632,0.225,0.0482,0.147,0.0,22.5,3.8,11.3,15.9,6.1,0.0,18.4,18.6,11.8,18.7
465,2022,0.7713,0.6724,0.6395,0.4759,0.8944,0.0,39.4,13.5,12.6,12.9,39.9,11.7,18.5,20.2,9.2,16.2
466,2022,0.7103,0.7425,0.6866,0.9174,0.4007,3.0,52.3,7.5,9.3,16.2,90.4,16.4,25.1,21.0,10.1,1.2
467,2022,0.4805,0.7828,0.2262,0.8624,0.1435,1.0,56.6,5.3,14.9,15.0,83.3,4.8,23.9,15.8,11.3,0.0
468,2022,0.746,0.9069,0.6039,0.9415,0.2744,4.0,49.3,14.4,15.5,33.6,93.2,60.8,38.4,31.8,10.1,0.0
469,2022,0.9287,0.931,0.527,0.8888,0.9104,6.0,66.4,15.6,10.8,34.4,86.7,14.4,33.0,15.4,25.0,0.0
470,2022,0.9908,0.9805,0.8691,0.953,0.9679,7.0,67.0,17.2,14.6,30.3,95.5,34.9,35.4,21.6,14.4,4.2
471,2022,0.969,0.8943,0.9449,0.9094,0.9288,6.0,71.1,3.2,15.7,34.0,89.3,30.3,40.9,24.1,25.8,2.2
472,2022,0.9368,0.9667,0.2882,0.8578,0.9747,6.0,70.6,11.9,16.0,19.7,81.3,16.9,56.6,44.0,7.4,2.4
473,2022,0.8816,0.9632,0.5534,0.8911,0.651,3.0,61.4,11.4,13.1,32.8,86.8,12.1,17.0,13.5,13.3,1.5
474,2022,0.8218,0.6598,0.9013,0.7408,0.783,2.0,34.3,12.2,4.8,14.1,66.6,10.0,11.3,26.4,13.2,0.0
475,2022,0.2828,0.4069,0.1286,0.4725,0.3318,1.0,16.4,13.0,11.8,5.0,39.6,0.1,7.0,8.8,4.9,0.0
476,2022,0.3529,0.1736,0.3272,0.5218,0.682,1.0,15.8,1.1,5.5,9.3,43.1,14.6,8.2,12.2,2.1,0.0
477,2022,0.0805,0.0437,0.1355,0.2557,0.4328,1.0,7.3,2.3,9.8,6.5,23.1,4.7,8.4,12.4,2.9,29.3
478,2022,0.5793,0.7287,0.5293,0.4908,0.3674,2.0,39.8,7.5,8.1,16.8,41.1,3.6,16.6,20.9,8.6,32.8
479,2022,0.5172,0.1839,0.9093,0.5356,0.5373,0.0,22.6,3.2,6.7,7.5,43.9,0.5,5.3,11.3,14.2,11.9
480,2022,0.6724,0.5149,0.4409,0.414,0.9242,3.0,36.5,5.4,16.0,9.1,36.1,9.8,7.2,19.3,0.0,35.1
481,2022,0.1816,0.4736,0.1757,0.4014,0.0735,1.0,28.6,0.6,16.4,14.9,34.7,0.0,11.8,11.9,11.5,35.7
482,2022,0.5253,0.3264,0.7164,0.2018,0.7026,0.0,27.0,4.7,5.3,10.8,19.4,2.7,14.8,19.2,13.4,23.7
483,2022,0.1195,0.1011,0.2055,0.039,0.4237,1.0,14.1,1.7,4.5,5.7,5.2,6.3,22.3,15.1,0.9,39.8
484,2022,0.3782,0.369,0.1102,0.5092,0.7003,2.0,27.6,1.2,11.3,23.0,42.2,1.7,26.2,20.5,3.5,44.3
485,2022,0.1172,0.2391,0.2859,0.0975,0.1538,0.0,18.2,2.4,15.4,11.4,10.5,0.0,16.2,20.2,4.0,31.0
486,2022,0.4172,0.3287,0.7371,0.2087,0.4294,2.0,35.5,0.0,10.7,8.2,19.9,2.2,9.7,21.3,19.4,30.8
487,2022,0.069,0.0333,0.38,0.1972,0.1711,0.0,20.8,0.0,4.5,9.9,19.0,1.5,6.2,19.8,8.0,17.0
488,2022,0.2655,0.1759,0.5672,0.3222,0.31,1.0,32.5,3.5,3.5,11.7,27.9,10.2,25.4,19.6,5.1,47.1
489,2022,0.9713,0.8885,0.9483,0.8188,0.9552,7.0,66.3,16.4,4.0,36.9,75.0,38.9,49.7,21.7,15.3,0.0
490,2022,0.0218,0.1966,0.1791,0.0,0.0,1.0,0.0,0.0,0.0,52.9,0.0,0.0,23.5,23.5,0.0,0.0
491,2022,0.4862,0.4908,0.5476,0.57,0.3766,1.0,40.1,7.3,6.5,16.0,46.9,6.0,40.9,22.9,6.5,34.8
492,2022,0.8149,0.8414,0.7555,0.4851,0.7245,2.0,43.9,17.3,15.5,20.2,40.8,8.7,43.7,29.0,9.1,17.6
493,2022,0.6862,0.7276,0.9598,0.2248,0.3421,1.0,33.1,11.0,18.9,14.8,21.1,0.9,36.9,29.7,5.4,31.2
494,2022,0.1851,0.2138,0.3134,0.1617,0.2974,0.0,30.4,0.4,10.8,10.9,15.9,3.6,26.9,25.0,1.3,19.9
495,2022,0.4701,0.6552,0.349,0.2317,0.4386,2.0,32.9,6.4,24.6,19.3,21.4,6.4,30.8,33.7,1.0,26.0
496,2022,0.7966,0.5414,0.5718,0.7122,0.9839,2.0,39.3,9.1,10.9,15.6,63.1,6.9,18.8,19.4,14.4,31.3
497,2022,0.6241,0.6437,0.9495,0.5378,0.2078,2.0,29.6,4.1,14.3,28.0,44.1,6.9,35.4,25.4,4.6,28.9
498,2022,0.9506,0.7667,0.915,0.7443,0.969,3.0,39.7,8.9,20.1,17.6,66.9,15.5,21.5,19.4,9.3,8.3
499,2022,0.6276,0.6276,0.5235,0.836,0.4948,1.0,32.2,4.7,12.0,20.3,76.8,9.8,39.8,20.5,16.5,40.6
500,2022,0.1149,0.2644,0.1447,0.1674,0.1917,0.0,13.7,3.5,12.5,14.0,16.3,1.0,16.7,10.9,5.7,12.9
501,2022,0.5207,0.3874,0.7072,0.3394,0.5442,0.0,24.0,8.9,6.6,17.1,29.5,3.5,21.7,25.5,9.8,20.4
502,2022,0.5517,0.6379,0.124,0.0963,0.9001,1.0,29.2,9.9,14.8,16.6,10.4,4.2,17.9,18.8,7.1,17.6
503,2022,0.0368,0.0805,0.155,0.0356,0.1504,0.0,7.0,0.0,11.5,9.5,4.9,2.2,11.9,11.8,13.0,13.9
504,2022,0.3471,0.3425,0.2962,0.2947,0.5281,0.0,25.4,4.1,12.0,6.0,26.2,2.9,11.8,12.0,9.4,6.3
505,2022,0.3253,0.3655,0.287,0.1353,0.4994,1.0,20.0,5.8,11.7,16.9,13.9,2.9,25.7,17.2,4.9,10.1
506,2022,0.592,0.508,0.4156,0.2615,0.8473,0.0,21.7,13.7,11.8,12.9,23.8,10.0,21.5,14.4,6.2,24.2
507,2022,0.6713,0.1908,0.8611,0.7397,0.8955,3.0,19.5,0.9,7.7,15.7,66.5,3.7,16.6,8.4,19.8,3.6
508,2022,0.1253,0.046,0.0184,0.3486,0.8381,1.0,12.2,2.6,7.2,3.1,30.9,4.4,19.8,8.5,0.0,1.4
509,2022,0.0391,0.1034,0.1194,0.1514,0.1251,0.0,4.2,4.0,7.3,12.6,14.8,1.1,9.3,12.0,0.2,0.0
510,2022,0.5414,0.346,0.6085,0.4083,0.721,3.0,22.6,4.4,7.8,9.0,35.1,17.5,15.5,7.8,19.9,2.0
511,2022,0.3103,0.1667,0.3639,0.5516,0.5052,0.0,11.6,5.4,4.4,17.2,45.5,4.2,7.4,14.9,7.7,2.8
512,2022,0.5046,0.2517,0.6762,0.5619,0.6338,0.0,18.5,3.0,9.3,7.1,46.2,3.5,11.9,10.3,12.9,1.4
513,2022,0.9023,0.7115,0.8932,0.6124,0.9426,3.0,31.9,8.2,21.2,9.6,51.0,13.4,18.6,19.9,13.7,0.8
514,2022,0.6034,0.6494,0.1045,0.6479,0.8645,3.0,35.6,0.8,15.4,14.5,55.4,6.7,24.5,13.4,7.7,0.8
515,2022,0.8598,0.6931,0.9116,0.7064,0.8347,2.0,21.5,12.3,13.0,15.2,62.4,2.1,25.9,17.2,9.4,2.1
516,2022,0.5598,0.4897,0.8473,0.5356,0.3088,1.0,28.4,9.0,12.0,11.1,43.9,8.0,19.0,16.1,10.0,0.0
517,2022,0.6506,0.5563,0.5132,0.6823,0.7141,1.0,29.4,5.6,12.1,12.5,59.6,11.4,20.3,13.7,5.9,3.6
518,2022,0.4115,0.2851,0.2032,0.4828,0.7773,1.0,26.9,6.4,6.3,12.9,40.7,3.8,30.6,16.6,6.2,35.3
519,2022,0.9149,0.8793,0.7049,0.8612,0.8703,3.0,41.5,7.1,19.5,19.3,82.3,4.1,27.9,9.2,13.6,5.4
520,2022,0.3621,0.2529,0.6188,0.4954,0.3731,1.0,24.0,3.6,12.5,11.3,41.3,2.2,26.8,13.1,4.8,31.2
521,2022,0.192,0.1391,0.1975,0.1617,0.5109,0.0,11.4,2.0,8.3,13.2,15.9,0.9,19.1,16.3,6.0,26.7
522,2022,,,,,,,,,,,,,,,,
523,2022,0.4034,0.5793,0.2113,0.6537,0.3042,1.0,38.5,6.0,13.8,9.8,56.0,9.9,48.7,11.8,1.5,12.1
524,2022,0.9172,0.9839,0.5327,0.8681,0.76,6.0,72.3,24.6,19.1,18.2,84.6,18.8,55.8,11.6,27.2,10.8
525,2022,0.7908,0.9414,0.1584,0.9266,0.744,4.0,64.9,18.8,13.1,20.3,91.1,9.6,49.7,11.4,16.7,3.1
526,2022,0.646,0.3759,0.5212,0.8796,0.8358,0.0,31.1,5.9,10.7,14.2,86.0,5.1,35.8,11.7,8.3,10.3
527,2022,0.3218,0.2149,0.4179,0.4278,0.4765,0.0,22.6,1.7,9.2,9.3,36.8,2.0,23.3,14.1,6.5,0.8
528,2022,0.8253,0.9897,0.7819,0.8039,0.2227,6.0,56.4,26.3,20.8,28.3,73.4,5.5,48.3,28.0,21.2,1.4
529,2022,0.9046,0.9195,0.4604,0.9828,0.8749,5.0,68.5,6.7,16.8,20.6,99.2,25.4,64.3,8.2,20.6,2.7
530,2022,0.9,0.9494,0.5936,0.9748,0.7222,5.0,51.0,20.8,18.0,20.8,98.2,29.3,57.5,16.5,17.7,4.5
531,2022,0.3195,0.4839,0.2135,0.4037,0.2778,1.0,38.6,3.4,11.2,18.4,34.8,3.6,22.2,18.9,4.9,40.5
532,2022,0.1287,0.154,0.0896,0.453,0.3467,2.0,9.2,0.9,13.9,12.5,38.3,0.0,17.1,6.7,4.3,33.4
533,2022,0.0437,0.1023,0.0746,0.3073,0.1734,0.0,16.1,0.0,5.4,16.4,26.9,6.6,16.4,12.3,0.0,21.9
534,2022,0.1874,0.277,0.2905,0.1353,0.2411,0.0,21.0,12.5,4.7,10.5,13.9,1.6,15.8,20.5,1.0,25.0
535,2022,0.3805,0.5391,0.1171,0.0218,0.6625,2.0,34.3,7.1,17.2,11.6,3.1,3.1,29.2,9.2,1.2,47.5
536,2022,0.1276,0.1241,0.1424,0.2695,0.3823,0.0,11.8,3.1,11.4,10.8,24.8,1.5,23.9,18.2,2.5,31.6
537,2022,0.4552,0.5966,0.1114,0.1147,0.7589,2.0,40.6,2.6,26.0,11.3,11.9,4.4,17.5,10.3,8.5,32.0
538,2022,0.9241,0.769,0.8301,0.7649,0.9403,2.0,53.1,6.8,12.4,15.0,69.2,11.9,23.6,24.8,18.1,14.4
539,2022,0.1379,0.0632,0.5465,0.1709,0.2514,0.0,18.2,0.0,7.0,1.4,16.9,2.4,0.8,12.9,8.0,0.0
540,2022,0.6966,0.7851,0.0195,0.9472,0.9437,3.0,49.1,8.2,28.6,19.8,94.0,5.3,24.8,11.8,2.5,8.2
541,2022,0.1414,0.3989,0.1274,0.2672,0.1206,1.0,22.7,3.0,12.1,11.9,24.6,0.7,12.9,12.9,5.8,54.9
542,2022,0.1448,0.0253,0.3685,0.2099,0.4856,0.0,11.6,1.4,4.2,8.4,20.0,0.8,12.2,11.1,2.5,28.6
543,2022,0.1598,0.4989,0.0769,0.2007,0.1378,0.0,31.6,0.0,16.8,13.4,19.3,1.0,9.3,17.1,0.8,11.0
544,2022,0.1241,0.1057,0.2618,0.5401,0.1883,1.0,14.7,5.0,2.1,2.2,44.3,2.1,9.1,8.4,9.3,6.3
545,2022,0.1391,0.2241,0.3352,0.328,0.1206,0.0,17.5,3.1,10.6,9.7,28.1,0.8,4.4,10.6,3.5,4.6
546,2022,0.2954,0.4264,0.4191,0.6858,0.0964,0.0,16.0,12.5,9.9,11.4,59.9,4.8,13.1,14.7,5.5,11.1
547,2022,0.1483,0.2184,0.1022,0.2167,0.3835,0.0,14.5,5.8,8.3,8.3,20.5,2.2,10.1,8.2,2.9,9.3
548,2022,0.6644,0.6253,0.8083,0.633,0.4661,0.0,37.0,8.0,14.3,10.2,53.6,9.1,9.0,18.8,12.3,15.9
549,2022,0.0494,0.1655,0.1688,0.0791,0.101,1.0,13.9,3.2,8.9,8.0,9.2,0.0,5.8,5.9,7.8,5.5
550,2022,0.808,0.8103,0.302,0.8108,0.9116,1.0,39.0,8.5,16.9,15.6,73.8,10.4,19.3,13.2,11.7,5.7
551,2022,0.946,0.9092,0.9219,0.8956,0.7692,5.0,72.0,9.2,13.6,16.6,87.2,17.8,23.4,15.5,24.9,1.0
552,2022,0.7046,0.754,0.1033,0.7615,0.899,2.0,45.0,6.4,10.4,20.4,68.9,16.3,24.2,7.5,7.3,1.1
553,2022,0.8264,0.923,0.1561,0.8601,0.8898,2.0,53.5,11.3,21.7,21.6,82.2,20.0,45.4,13.5,8.7,6.5
554,2022,0.3207,0.0828,0.3111,0.8211,0.6131,0.0,11.3,0.0,10.9,7.7,75.2,5.5,6.0,4.2,7.8,4.4
555,2022,0.7782,0.9057,0.5591,0.6594,0.5511,4.0,55.2,20.3,13.3,13.7,56.6,6.0,24.0,15.9,14.5,0.0
556,2022,0.1724,0.0943,0.147,0.5665,0.442,1.0,27.6,0.2,6.2,7.9,46.6,3.1,14.7,11.3,4.4,15.3
557,2022,0.5034,0.6218,0.1883,0.8658,0.4512,1.0,34.7,4.9,6.4,28.9,84.0,9.3,18.7,5.4,13.4,31.7
558,2022,0.1115,0.092,0.0172,0.4576,0.6693,1.0,17.4,1.7,0.0,0.0,38.6,2.7,0.0,1.2,0.0,0.0
559,2022,0.0897,0.2552,0.1917,0.5183,0.0505,0.0,8.4,7.2,6.0,0.0,43.0,1.0,0.0,9.4,2.1,0.0
560,2022,0.6391,0.4828,0.6016,0.7362,0.6808,1.0,14.7,7.1,15.6,7.2,65.7,0.8,4.7,8.8,15.3,7.2
561,2022,0.092,0.1161,0.3398,0.3807,0.1343,1.0,7.9,2.7,6.1,0.0,33.2,2.0,6.1,5.5,5.0,0.0
562,2022,0.7057,0.4816,0.8232,0.8257,0.6361,4.0,23.6,4.1,10.7,16.6,75.7,3.4,5.8,12.0,17.9,12.1
563,2022,0.1966,0.0713,0.1343,0.2913,0.7084,2.0,21.2,2.1,6.1,2.3,26.1,0.0,8.4,14.5,0.9,3.6
564,2022,0.0356,0.031,0.7761,0.25,0.0,1.0,4.8,3.6,3.5,2.6,22.8,0.0,0.4,9.7,6.3,0.0
565,2022,0.6402,0.3908,0.6005,0.805,0.7727,1.0,25.2,2.4,12.5,7.1,73.5,7.1,10.6,16.5,19.8,0.7
566,2022,0.5816,0.5046,0.1481,0.742,0.8542,3.0,16.5,6.7,14.4,5.3,66.8,3.3,4.9,7.6,10.5,0.0
567,2022,0.0425,0.0506,0.2847,0.2351,0.1228,1.0,3.5,5.2,7.6,1.4,21.6,0.0,5.1,8.2,2.1,1.2
568,2022,0.1184,0.0609,0.4294,0.4369,0.1929,0.0,7.6,1.9,3.5,5.5,37.2,2.9,4.4,13.4,3.5,0.0
569,2022,0.0552,0.0425,0.6154,0.3005,0.0276,1.0,10.3,4.3,2.8,3.9,26.7,0.0,4.5,4.2,10.2,2.4
570,2022,0.0126,0.0069,0.0092,0.2466,0.2434,0.0,3.2,3.4,0.0,0.5,22.6,2.0,4.3,6.8,0.0,0.0
571,2022,0.2931,0.0195,0.5258,0.4128,0.7302,2.0,5.6,1.5,3.4,4.9,36.0,7.2,8.0,12.4,2.0,4.1
572,2022,0.0034,0.0103,0.023,0.1468,0.0161,0.0,14.6,0.0,4.2,3.2,14.6,3.7,0.9,6.2,0.7,0.0
573,2022,0.0057,0.0115,0.0712,0.2546,0.0092,1.0,7.3,1.9,2.7,5.0,23.0,0.0,1.1,5.5,4.4,1.7
574,2022,0.0161,0.0057,0.3215,0.2248,0.0195,1.0,1.7,2.4,2.9,1.9,21.1,4.4,2.6,6.3,3.2,0.0
575,2022,0.446,0.1632,0.6969,0.5975,0.5982,0.0,27.0,1.9,10.8,7.6,49.6,4.8,21.6,10.7,10.9,13.0
576,2022,0.2552,0.0598,0.2641,0.5172,0.6418,0.0,4.1,0.9,6.0,5.8,42.9,4.7,1.6,10.7,5.2,4.5
577,2022,0.0011,0.0034,0.0299,0.3005,0.0,0.0,5.5,0.6,1.2,1.9,26.7,0.0,0.3,8.0,0.6,0.0
578,2022,0.0103,0.0448,0.039,0.07,0.0471,1.0,10.1,1.3,1.2,4.5,8.5,0.0,23.8,6.1,0.0,25.4
579,2022,0.9874,0.9517,0.8266,0.992,0.9759,9.0,66.1,4.0,27.4,48.6,99.6,15.7,38.4,13.5,18.4,10.6
580,2022,0.8908,0.9931,0.7463,0.9966,0.3685,6.0,62.7,14.1,19.1,27.3,99.9,26.8,21.6,22.5,17.2,0.0
581,2022,0.9092,0.7437,0.9633,0.9002,0.7796,3.0,49.5,1.7,11.7,27.0,87.4,5.9,24.3,19.0,15.0,5.3
582,2022,0.4,0.4931,0.3823,0.8073,0.2021,0.0,29.0,12.3,9.1,9.5,73.6,1.7,22.8,18.0,8.9,17.8
583,2022,0.5345,0.792,0.2078,0.8716,0.2296,1.0,27.6,26.6,11.7,17.4,85.2,1.2,35.6,23.4,0.4,29.2
584,2022,0.7264,0.7494,0.8037,0.8234,0.3639,1.0,45.6,8.8,15.7,12.7,75.4,7.9,13.4,16.1,8.7,1.1
585,2022,0.1425,0.4333,0.1653,0.1766,0.085,0.0,32.2,5.2,14.3,9.7,17.6,2.6,33.8,20.2,2.0,19.7
586,2022,0.7517,0.9115,0.6361,0.4748,0.4535,3.0,42.5,14.2,20.7,23.3,39.7,5.4,27.5,17.7,3.2,42.3
587,2022,0.9448,0.7678,0.9954,0.7443,0.7646,0.0,50.4,10.1,11.8,16.0,66.9,5.2,28.4,26.5,11.1,2.3
588,2022,0.8172,0.777,0.4891,0.2431,0.9828,3.0,40.7,5.8,12.7,26.1,22.4,21.5,25.0,21.3,4.7,1.4
589,2022,0.5057,0.5437,0.6831,0.6147,0.2331,0.0,37.1,3.9,12.9,10.4,51.3,1.6,20.4,17.1,6.1,33.1
590,2022,0.6115,0.892,0.4524,0.4278,0.271,4.0,40.5,19.8,20.3,20.9,36.8,1.6,26.1,29.8,4.9,45.6
591,2022,0.3345,0.5425,0.3582,0.5103,0.1561,1.0,15.9,7.6,15.8,27.0,42.3,3.7,17.5,14.4,4.5,8.5
592,2022,0.6471,0.5759,0.8243,0.4702,0.4925,1.0,27.7,5.9,10.3,19.4,39.5,3.3,25.7,17.7,6.7,33.8
593,2022,0.9115,0.7966,0.8106,0.6089,0.9357,3.0,45.2,6.0,19.3,26.9,50.6,2.3,26.0,22.1,3.4,27.6
594,2022,0.3414,0.4609,0.6246,0.4702,0.1148,0.0,29.8,1.5,15.4,20.1,39.5,3.3,19.5,21.9,1.1,22.9
595,2022,0.569,0.4851,0.8485,0.3131,0.4351,2.0,36.8,2.4,9.6,12.4,27.3,4.9,16.7,21.6,3.9,49.2
596,2022,0.1747,0.0667,0.791,0.7775,0.0379,1.0,16.7,0.0,2.4,5.8,70.0,1.5,29.8,17.0,4.3,10.0
597,2022,0.6598,0.5034,0.3984,0.8784,0.7807,0.0,39.0,4.0,8.4,11.7,85.9,5.9,14.7,9.4,14.3,2.3
598,2022,0.8655,0.9,0.4328,0.8521,0.853,1.0,38.4,12.7,15.3,22.9,79.6,4.2,29.2,16.0,11.4,3.5
599,2022,0.2713,0.4023,0.194,0.7592,0.1653,1.0,44.3,0.7,13.4,6.5,68.7,1.3,17.2,34.8,4.2,27.0
600,2022,0.7184,0.5011,0.9943,0.3406,0.4615,0.0,36.3,8.9,7.2,15.5,29.6,6.5,22.6,22.7,12.0,27.1
601,2022,0.0885,0.0828,0.1711,0.0252,0.4202,0.0,8.4,1.1,9.4,10.9,3.4,3.7,12.6,14.2,0.3,5.9
602,2022,0.0402,0.0391,0.3433,0.031,0.1412,1.0,15.6,1.9,2.7,8.6,4.1,3.0,13.6,17.4,3.6,11.4
603,2022,0.3724,0.6391,0.2354,0.3452,0.279,1.0,39.7,6.2,12.8,16.4,30.7,1.8,23.4,14.6,8.0,40.7
604,2022,0.5885,0.6483,0.4834,0.4312,0.5683,1.0,43.9,4.9,14.7,18.7,36.9,5.3,12.3,12.1,3.4,41.0
605,2022,0.2437,0.2402,0.3375,0.1388,0.4041,0.0,18.6,6.6,9.8,10.7,14.0,4.1,11.2,11.5,12.7,1.3
606,2022,0.6931,0.7517,0.3594,0.6972,0.6831,1.0,35.9,9.7,12.0,18.2,61.3,7.4,16.8,12.9,13.5,3.0
607,2022,0.2736,0.1207,0.837,0.2053,0.225,2.0,18.8,3.1,6.1,12.4,19.7,6.4,16.8,20.1,9.4,34.6
608,2022,0.2425,0.5195,0.1309,0.0883,0.2503,0.0,36.9,7.7,13.6,14.3,9.8,1.0,18.9,14.1,3.4,30.1
609,2022,0.4149,0.408,0.4478,0.742,0.3352,0.0,35.8,3.4,7.5,14.3,66.8,1.2,18.9,8.3,11.8,28.1
610,2022,0.7402,0.6678,0.3467,0.82,0.876,0.0,32.3,6.6,13.0,14.6,75.1,11.1,16.6,16.7,6.9,12.8
611,2022,0.7954,0.8655,0.5178,0.7867,0.69,1.0,45.0,8.0,12.8,27.3,71.0,15.5,23.2,13.5,4.6,12.3
612,2022,0.2782,0.2333,0.4615,0.4553,0.2755,1.0,25.0,1.2,9.5,16.0,38.5,4.8,37.1,26.8,5.1,21.3
613,2022,0.5287,0.5069,0.2595,0.3945,0.7394,1.0,26.5,14.8,7.1,17.5,34.4,6.5,22.6,15.7,1.7,21.8
614,2022,0.9379,0.7379,0.8955,0.711,0.9713,5.0,63.2,3.1,11.2,35.8,63.0,9.7,26.6,16.0,23.7,10.6
615,2022,0.8483,0.9598,0.3238,0.6743,0.8266,3.0,62.1,14.7,11.1,34.9,58.2,14.6,24.0,24.7,2.3,5.6
616,2022,0.0414,0.0483,0.2009,0.242,0.1573,0.0,17.8,2.0,6.7,7.5,22.3,3.4,23.9,15.4,2.2,32.5
617,2022,0.392,0.4161,0.3318,0.2913,0.5281,0.0,27.5,4.8,7.1,14.5,26.1,5.6,22.0,20.3,1.3,29.4
618,2022,0.5195,0.5471,0.24,0.2431,0.7451,0.0,35.5,12.9,7.4,16.8,22.4,5.6,24.9,20.0,2.2,25.8
619,2022,0.7299,0.8356,0.3674,0.719,0.6349,1.0,39.6,14.7,15.3,20.5,63.7,4.5,18.4,22.2,8.3,5.7
620,2022,0.8701,0.5782,0.9437,0.6651,0.9162,2.0,58.7,5.4,8.9,13.0,57.2,13.4,28.8,16.4,11.3,0.0
621,2022,0.7851,0.6322,0.6223,0.2844,0.9816,1.0,49.5,9.2,11.8,16.1,25.8,11.2,34.0,17.0,10.6,29.1
622,2022,0.5609,0.531,0.5201,0.2592,0.6774,0.0,35.8,13.5,8.5,13.9,23.6,4.2,15.0,17.1,12.4,32.9
623,2022,0.9655,0.8621,0.9679,0.8635,0.9265,6.0,46.9,7.5,28.9,33.1,83.8,16.3,25.3,17.5,13.8,25.4
624,2022,0.2069,0.3207,0.3077,0.1204,0.2319,0.0,20.9,3.8,14.9,13.7,12.1,8.8,30.3,23.0,3.1,29.7
625,2022,0.5954,0.6241,0.698,0.4633,0.4455,0.0,39.4,7.4,7.6,21.7,39.1,1.5,30.4,21.1,6.4,20.7
626,2022,0.7034,0.6575,0.4558,0.4828,0.8657,1.0,31.5,5.9,15.4,15.7,40.7,9.0,30.9,25.4,7.0,18.2
627,2022,0.4667,0.4874,0.535,0.5493,0.333,1.0,38.9,0.6,31.6,9.8,45.4,1.1,43.3,11.7,13.8,29.2
628,2022,0.2115,0.177,0.3858,0.3945,0.2721,0.0,32.6,1.8,10.6,7.1,34.4,4.5,23.6,19.8,4.6,30.2
629,2022,0.6851,0.5575,0.4592,0.8337,0.7945,0.0,43.7,6.5,11.7,17.0,76.6,8.1,27.5,22.7,9.3,11.6
630,2022,0.8414,0.8011,0.6774,0.8119,0.7887,2.0,35.5,10.9,22.0,14.9,74.1,7.8,30.8,19.5,19.6,29.9
631,2022,0.6747,0.5253,0.8886,0.6617,0.4937,1.0,27.4,4.1,13.6,24.2,56.9,8.8,32.2,36.5,5.6,32.5
632,2022,0.9747,0.9253,0.9839,0.9106,0.8002,2.0,48.6,11.0,18.1,19.8,89.7,4.1,26.5,21.5,34.4,3.8
633,2022,0.4529,0.4678,0.0425,0.4278,0.8829,3.0,48.5,7.3,5.7,9.1,36.8,10.6,34.3,9.0,0.4,12.9
634,2022,0.2207,0.3322,0.0218,0.617,0.496,0.0,35.5,3.1,7.0,8.5,51.6,1.4,19.3,19.2,3.1,23.3
635,2022,0.2092,0.6782,0.0057,0.5103,0.2526,2.0,41.0,8.5,12.8,5.0,42.3,1.2,23.1,4.4,4.4,7.1
636,2022,0.2747,0.2172,0.5913,0.5791,0.1768,1.0,37.3,4.1,7.4,9.7,47.9,7.1,25.0,13.5,12.2,21.6
637,2022,0.8529,0.8724,0.6429,0.7867,0.7325,1.0,49.0,4.8,19.1,17.9,71.0,13.9,11.9,15.3,13.0,1.2
638,2022,0.2851,0.5506,0.0,0.2179,0.8485,4.0,65.8,4.7,7.1,3.2,20.6,6.6,21.1,7.8,0.0,1.1
639,2022,0.4287,0.5356,0.093,0.5034,0.6269,1.0,36.5,10.0,4.9,16.9,41.8,3.1,10.4,11.4,14.5,4.8
640,2022,0.3862,0.4448,0.0528,0.3429,0.7658,1.0,42.0,3.6,5.5,8.7,29.8,7.6,11.5,19.8,3.3,1.0
641,2022,0.3057,0.4782,0.0574,0.4472,0.4673,4.0,34.2,15.9,7.3,5.5,37.8,0.0,13.1,5.0,0.6,1.1
642,2022,0.5425,0.4552,0.8588,0.5585,0.2859,1.0,35.7,9.3,2.3,5.2,45.8,2.3,21.3,7.3,20.7,0.0
643,2022,0.5908,0.4954,0.3754,0.7317,0.7049,1.0,29.1,2.9,15.5,5.0,65.3,1.5,6.5,3.0,11.0,12.9
644,2022,0.4747,0.2713,0.7176,0.6686,0.4546,1.0,30.7,9.4,1.7,12.3,57.7,3.0,23.9,14.2,3.5,28.7
645,2022,0.4621,0.392,0.4696,0.5493,0.5155,0.0,37.4,4.1,10.0,6.0,45.4,2.9,15.2,11.7,16.2,24.3
646,2022,0.7195,0.9276,0.2675,0.8349,0.4397,3.0,67.0,15.0,13.6,25.0,76.7,7.4,30.0,13.4,10.5,26.6
647,2022,0.5701,0.6448,0.3915,0.6766,0.4845,1.0,38.3,4.2,16.8,24.9,58.8,0.7,46.0,20.3,2.8,23.8
648,2022,0.9954,0.9954,0.7715,0.8417,0.9954,6.0,68.5,14.8,24.2,24.8,77.8,12.0,35.8,26.8,28.1,14.3
649,2022,0.4839,0.8092,0.4546,0.5436,0.1045,2.0,47.7,0.0,17.8,31.0,44.8,9.9,27.8,33.1,4.0,2.4
650,2022,0.5161,0.823,0.2928,0.3486,0.2675,2.0,26.1,21.9,23.5,24.8,30.9,0.8,41.3,9.7,4.3,33.8
651,2022,0.292,0.3851,0.0253,0.4725,0.6452,0.0,27.1,1.6,12.8,17.2,39.6,1.4,39.8,11.3,0.3,27.7
652,2022,0.3966,0.7195,0.2836,0.4943,0.163,2.0,21.4,17.9,12.5,23.3,41.2,3.4,18.0,24.3,1.8,34.3
653,2022,0.5011,0.2253,0.6269,0.6468,0.6762,3.0,24.6,10.7,7.4,6.6,55.3,7.3,38.8,16.7,26.4,47.4
654,2022,0.3149,0.223,0.3226,0.6583,0.4305,0.0,29.6,2.1,12.6,9.7,56.4,4.7,21.9,18.1,3.6,13.4
655,2022,0.2379,0.1977,0.4041,0.2764,0.3341,0.0,23.6,4.1,5.1,6.8,25.4,9.6,16.4,13.9,7.2,2.5
656,2022,0.7356,0.7655,0.5626,0.9255,0.5189,5.0,61.5,3.6,14.3,12.3,91.0,5.0,12.1,16.1,34.5,14.0
657,2022,0.2563,0.2747,0.2227,0.094,0.4868,0.0,19.5,1.3,14.8,12.8,10.2,3.4,21.1,21.2,0.5,26.2
658,2022,0.3356,0.4287,0.434,0.0241,0.3938,3.0,26.9,4.0,11.1,17.3,3.3,0.0,24.5,24.4,2.2,48.0
659,2022,0.5667,0.3517,0.7095,0.0745,0.8335,1.0,17.9,5.8,13.6,14.5,8.9,2.0,16.5,31.6,0.0,21.8
660,2022,0.0517,0.123,0.2583,0.1938,0.0677,0.0,20.6,0.9,8.4,11.7,18.9,1.4,34.3,21.2,0.7,22.9
661,2022,0.5506,0.677,0.0953,0.3739,0.8106,1.0,39.4,11.7,12.7,13.3,32.6,0.5,20.9,12.3,8.8,12.0
662,2022,0.1954,0.2816,0.6051,0.18,0.0884,0.0,16.6,5.8,11.2,13.1,17.7,1.4,16.0,13.7,0.0,27.6
663,2022,0.1759,0.5184,0.0758,0.1686,0.1619,0.0,25.5,9.3,18.4,12.1,16.6,0.0,12.9,13.6,4.3,30.8
664,2022,0.5023,0.6172,0.6992,0.0849,0.3548,0.0,23.8,6.8,12.4,13.6,9.6,2.9,22.8,18.8,8.8,26.8
665,2022,0.1437,0.4368,0.1515,0.0252,0.1309,1.0,25.3,6.3,26.2,9.9,3.4,2.0,19.8,15.3,6.2,10.0
666,2022,0.2195,0.4471,0.1722,0.0573,0.2377,0.0,19.7,6.7,16.9,12.2,6.9,1.7,21.1,21.3,3.7,29.5
667,2022,0.6092,0.5,0.9311,0.2064,0.4707,3.0,31.7,5.6,12.2,19.7,19.8,6.5,17.4,30.5,5.2,17.7
668,2022,0.331,0.2897,0.8542,0.0894,0.2009,1.0,23.7,4.3,5.5,15.7,9.9,1.0,10.4,27.2,7.3,20.1
669,2022,0.2862,0.3034,0.6739,0.1606,0.1814,1.0,19.5,5.5,12.4,8.8,15.7,2.1,23.0,18.1,14.1,0.0
670,2022,0.5655,0.3356,0.8381,0.3567,0.6028,0.0,34.6,1.8,7.6,8.1,31.2,0.6,11.6,18.9,13.4,0.4
671,2022,0.7862,0.7586,0.9162,0.4874,0.5672,0.0,42.9,4.6,18.1,19.6,40.9,11.7,20.8,23.1,8.9,18.0
672,2022,0.7069,0.7414,0.7394,0.7856,0.403,1.0,35.7,13.6,13.9,6.8,70.9,7.5,26.7,22.9,12.3,0.8
673,2022,0.6046,0.4632,0.628,0.2374,0.7933,1.0,33.4,3.5,10.8,19.4,21.8,3.0,24.8,29.3,5.5,20.4
674,2022,0.3172,0.3126,0.5304,0.1514,0.3525,1.0,28.3,3.9,15.5,8.9,14.8,0.4,20.0,24.0,9.1,35.2
675,2022,0.6908,0.7575,0.5419,0.367,0.6487,1.0,44.7,12.4,17.2,13.4,32.0,9.9,30.1,36.4,9.9,25.2
676,2022,0.0345,0.0747,0.3042,0.0975,0.0517,0.0,19.4,0.4,8.1,5.0,10.5,0.7,22.6,13.1,7.5,19.6
677,2022,0.6023,0.992,0.0735,0.4897,0.287,4.0,62.1,22.6,18.9,22.0,41.0,9.2,23.1,12.9,1.8,41.1
678,2022,0.4402,0.4759,0.3387,0.344,0.5396,1.0,31.2,3.0,14.1,18.5,30.4,5.2,15.6,15.9,3.4,40.5
679,2022,0.723,0.5448,0.3364,0.6525,0.9701,1.0,33.2,7.1,12.3,10.0,55.9,4.3,14.4,14.0,10.8,24.8
680,2022,0.954,0.8241,0.6797,0.9278,0.9885,6.0,72.3,6.1,14.5,13.1,91.4,21.6,29.6,22.8,13.2,8.5
681,2022,0.7621,0.6368,0.7887,0.7122,0.7107,2.0,37.8,5.2,11.8,14.6,63.1,2.0,17.2,19.5,4.9,4.0
682,2022,0.7632,0.6655,0.6372,0.7626,0.7761,0.0,29.8,8.5,16.8,10.4,69.1,7.5,17.4,20.5,17.7,1.4
683,2022,0.631,0.5276,0.4386,0.7443,0.7199,0.0,42.7,7.8,6.5,12.3,66.9,6.0,23.2,24.1,4.9,25.1
684,2022,0.8667,0.746,0.6315,0.6972,0.9392,1.0,33.5,6.0,15.5,30.5,61.3,6.9,27.6,14.9,7.0,22.6
685,2022,0.6345,0.8908,0.5396,0.7833,0.1493,4.0,48.0,16.7,12.5,31.8,70.7,1.7,34.6,24.9,7.4,47.7
686,2022,0.8425,0.6816,0.6464,0.6995,0.9541,3.0,46.3,5.7,8.4,29.9,61.4,6.8,24.6,28.1,6.9,43.5
687,2022,0.3402,0.2954,0.3789,0.4404,0.4638,0.0,20.4,1.3,6.3,20.0,37.3,3.3,31.3,16.0,6.8,25.9
688,2022,0.8126,0.7069,0.8404,0.3303,0.8794,3.0,34.2,4.7,22.0,24.1,28.2,3.7,25.9,19.1,6.8,34.3
689,2022,0.1897,0.2471,0.2377,0.133,0.3134,0.0,21.8,1.2,7.9,23.4,13.6,4.7,19.2,18.8,3.4,24.2
690,2022,0.7172,0.4506,0.8772,0.5321,0.7704,2.0,30.5,5.7,10.7,16.1,43.7,1.5,29.8,19.0,4.7,3.1
691,2022,0.4437,0.3793,0.775,0.1433,0.3961,1.0,30.8,3.2,11.5,18.2,14.5,2.0,26.8,20.4,6.6,36.8
692,2022,0.3034,0.246,0.6028,0.1411,0.3456,0.0,26.9,0.2,10.0,17.4,14.3,4.5,33.2,16.3,5.2,29.6
693,2022,0.3931,0.2287,0.7796,0.0665,0.4983,0.0,19.5,1.9,6.6,19.2,7.8,4.1,19.2,24.7,1.5,13.9
694,2022,0.5391,0.5805,0.5844,0.0126,0.5993,3.0,23.0,5.5,14.0,23.9,1.8,17.3,31.7,29.3,10.4,40.6
695,2022,0.1839,0.3,0.1745,0.2225,0.2813,0.0,28.5,5.6,9.9,10.8,20.9,3.0,21.5,14.3,11.7,14.9
696,2022,0.4931,0.454,0.7991,0.2626,0.3375,1.0,37.9,9.6,9.6,14.5,24.0,1.8,22.0,16.4,7.9,16.8
697,2022,0.6782,0.7172,0.132,0.5321,0.9185,2.0,51.6,10.5,3.7,21.3,43.7,5.9,36.0,15.3,7.4,0.0
698,2022,0.3483,0.2862,0.5832,0.1032,0.4742,0.0,22.7,2.1,11.7,14.1,10.9,7.8,3.6,12.2,9.1,0.4
699,2022,0.2253,0.3161,0.4879,0.0722,0.1963,0.0,31.3,2.9,8.1,16.9,8.7,5.9,26.9,18.0,9.1,30.0
700,2022,0.4943,0.4966,0.6751,0.6594,0.2457,2.0,44.9,4.2,8.0,16.7,56.6,4.8,15.2,19.5,20.4,7.0
701,2022,0.8402,0.9241,0.5545,0.8819,0.6165,3.0,58.0,12.0,19.8,20.6,86.2,18.2,35.8,17.1,13.4,25.1
702,2022,0.8736,0.7724,0.5706,0.8647,0.915,0.0,45.3,10.7,12.9,19.1,83.9,15.0,32.7,14.8,9.5,3.3
703,2022,0.7977,0.869,0.2319,0.7225,0.8886,1.0,43.0,13.2,15.0,29.9,63.8,12.4,39.3,18.1,4.0,14.8
704,2022,0.0954,0.2655,0.0264,0.18,0.38,1.0,13.6,3.7,13.6,13.0,17.7,3.8,10.4,10.7,3.8,37.9
705,2022,0.0046,0.0011,0.0551,0.1537,0.0367,0.0,3.6,0.0,1.1,0.3,15.2,0.6,12.0,9.6,1.8,15.5
706,2022,0.2299,0.2448,0.7336,0.4255,0.0574,1.0,30.3,0.1,4.8,11.7,36.6,0.0,10.8,9.6,15.4,9.8
707,2022,0.7828,0.5218,0.9575,0.4874,0.8232,1.0,32.1,6.4,12.8,17.1,40.9,5.6,17.2,18.8,19.3,18.5
708,2022,0.008,0.023,0.1148,0.1147,0.0115,1.0,5.3,3.8,6.0,1.4,11.9,1.4,8.0,15.3,0.5,0.1
709,2022,0.0299,0.0885,0.0827,0.2064,0.0838,0.0,5.8,5.4,4.6,8.7,19.8,2.1,5.5,14.5,2.0,0.0
710,2022,0.0184,0.0207,0.085,0.1307,0.0941,0.0,3.2,3.6,3.0,5.7,13.5,1.3,3.7,12.3,2.7,5.1
711,2022,0.0138,0.0218,0.3157,0.1915,0.0,1.0,12.8,2.8,5.3,3.8,18.5,0.0,2.7,10.6,0.0,0.0
712,2022,0.3161,0.1218,0.566,0.3039,0.535,0.0,3.7,7.3,3.0,2.6,26.8,6.6,6.4,9.9,12.6,0.0
713,2022,0.1023,0.1046,0.2365,0.5229,0.1791,1.0,13.5,0.3,14.5,7.4,43.2,1.8,4.6,12.4,2.4,2.4
714,2022,0.177,0.1586,0.4501,0.4851,0.1722,0.0,23.9,3.1,5.0,1.4,40.8,2.5,7.0,5.8,7.6,0.7
715,2022,0.2598,0.2483,0.2526,0.4954,0.349,0.0,9.5,11.1,3.6,5.0,41.3,1.4,4.7,6.7,4.4,1.2
716,2022,0.4678,0.4172,0.4168,0.3417,0.6119,2.0,19.4,0.0,12.3,16.8,29.7,2.4,13.0,15.9,12.5,3.5
717,2022,0.1586,0.0655,0.4569,0.1766,0.3594,0.0,2.5,3.8,9.1,6.0,17.6,0.0,0.7,14.0,2.5,6.9
718,2022,0.2103,0.0322,0.1607,0.281,0.8037,0.0,7.5,1.4,6.9,4.7,25.6,10.9,17.5,15.3,2.8,0.7
719,2022,0.1632,0.2034,0.3307,0.1927,0.2262,0.0,14.9,5.1,13.2,5.8,18.6,1.9,8.6,17.3,11.2,0.0
720,2022,0.0563,0.2345,0.07,0.211,0.1171,0.0,7.6,12.7,9.1,7.1,20.1,1.5,8.1,3.9,4.7,4.7
721,2022,0.2322,0.1299,0.0987,0.4495,0.6498,1.0,18.6,3.5,4.1,6.9,38.0,2.3,7.8,1.5,7.6,9.1
722,2022,0.6069,0.3701,0.7692,0.3096,0.7784,0.0,25.9,2.6,18.8,5.9,27.1,2.3,6.5,13.9,10.5,29.9
723,2022,0.6805,0.7644,0.3421,0.3383,0.775,0.0,36.6,9.3,15.0,11.7,29.4,2.3,20.0,11.2,15.7,27.4
724,2022,0.5368,0.6402,0.3869,0.7076,0.4064,6.0,86.6,0.0,18.1,35.7,62.8,0.0,0.0,63.3,64.7,0.0
725,2022,0.7563,0.7552,0.9047,0.6514,0.3949,3.0,19.3,13.4,20.5,12.9,55.8,1.3,12.0,14.6,20.1,42.0
726,2022,0.508,0.4379,0.4122,0.6789,0.5476,0.0,19.5,3.9,14.3,11.0,59.0,5.2,14.3,23.4,11.3,3.5
727,2022,0.5115,0.577,0.7784,0.4071,0.217,1.0,27.2,10.8,12.9,12.7,34.9,0.6,15.4,15.5,8.5,24.3
728,2022,0.7,0.5851,0.6142,0.4117,0.8439,1.0,28.1,5.2,11.9,15.2,35.7,4.9,9.2,8.7,13.7,9.5
729,2022,0.2621,0.1345,0.4018,0.2592,0.5121,1.0,8.6,3.1,6.1,18.8,23.6,0.8,5.6,13.1,4.6,2.8
730,2022,0.0575,0.1195,0.1137,0.0849,0.2101,1.0,15.6,0.8,13.1,9.9,9.6,5.0,20.5,18.0,2.6,39.2
731,2022,0.1161,0.0529,0.6877,0.1881,0.1447,0.0,12.4,1.0,5.4,3.1,18.3,0.7,6.5,19.2,7.8,21.9
732,2022,0.1046,0.1483,0.0654,0.3222,0.411,1.0,10.1,3.2,9.8,5.0,27.9,1.1,3.5,14.8,12.2,0.0
733,2022,0.0253,0.0046,0.3961,0.297,0.0299,1.0,5.1,0.9,6.4,0.3,26.5,0.0,5.2,11.7,13.5,0.0
734,2022,0.4736,0.5632,0.6487,0.25,0.2951,0.0,22.3,8.7,8.7,20.4,22.8,4.9,16.1,23.2,5.6,22.1
735,2022,0.0701,0.2023,0.2434,0.0562,0.0792,0.0,11.1,1.5,12.8,17.2,6.8,1.6,13.3,15.5,2.6,23.7
736,2022,0.5184,0.4276,0.4317,0.0803,0.8209,1.0,30.5,7.7,8.1,9.8,9.3,2.4,31.1,20.0,3.1,26.0
737,2022,0.3287,0.3862,0.2411,0.4369,0.3904,1.0,27.2,4.5,14.4,12.6,37.2,3.0,23.9,19.9,2.4,46.9
738,2022,0.0644,0.1356,0.0367,0.1835,0.302,0.0,5.2,4.3,5.9,17.5,17.9,0.8,7.5,8.2,0.0,19.7
739,2022,0.3379,0.4138,0.3904,0.2638,0.3433,3.0,7.9,4.2,7.8,24.0,24.2,0.6,6.8,31.5,2.1,42.7
740,2022,0.0,0.0,0.0023,0.0,0.0,0.0,0.0,0.0,0.0,0.0,0.0,0.0,0.0,0.0,0.0,0.0
741,2022,0.5977,0.4644,0.3008,0.2408,0.9369,0.0,29.1,5.2,13.5,16.4,22.0,12.7,45.3,24.1,9.8,31.7
742,2022,0.7023,0.6195,0.9667,0.7018,0.3249,3.0,71.3,2.5,6.1,24.2,61.6,3.7,24.0,18.8,27.6,51.3
743,2022,0.6552,0.7103,0.7577,0.5757,0.3662,1.0,38.0,10.8,13.9,23.5,47.5,5.2,19.6,20.7,5.7,47.3
744,2022,0.2678,0.2069,0.4742,0.211,0.3984,0.0,19.8,1.7,9.8,14.0,20.1,0.8,25.3,24.0,6.7,33.0
745,2022,0.3885,0.1471,0.907,0.3739,0.3571,2.0,12.3,1.5,8.1,17.0,32.6,0.0,14.7,12.8,19.4,17.3
746,2022,0.9966,0.8517,0.9989,0.8245,0.9667,7.0,56.0,1.1,21.3,25.8,75.5,11.8,39.5,20.2,30.8,6.1
747,2022,0.854,0.7621,0.8726,0.7844,0.7153,4.0,40.3,7.6,21.3,31.0,70.8,16.4,21.3,20.2,7.0,14.3
748,2022,0.6057,0.5943,0.5063,0.6353,0.5878,2.0,41.9,11.2,7.1,17.0,53.8,9.1,16.3,14.6,11.2,36.2
749,2022,0.8966,0.7563,0.7474,0.7569,0.9323,1.0,44.5,6.0,16.1,21.0,67.8,15.8,44.1,21.7,9.5,30.3
750,2022,0.9586,0.9138,0.7497,0.8463,0.9633,2.0,53.5,18.5,24.2,19.5,78.6,14.3,38.2,21.5,14.1,12.3
751,2022,0.2,0.4126,0.2732,0.4186,0.0861,0.0,16.0,8.2,14.0,15.0,36.2,0.7,21.2,21.0,0.7,32.1
752,2022,0.4966,0.3897,0.2158,0.5573,0.7876,0.0,22.6,2.9,14.7,20.5,45.7,4.8,24.8,18.5,3.1,19.9
753,2022,0.892,0.7805,0.9724,0.5917,0.7359,0.0,42.1,8.4,13.3,21.6,48.8,3.9,38.2,21.7,12.4,9.5
754,2022,0.2897,0.3184,0.1538,0.5906,0.4099,0.0,28.2,3.7,10.1,18.6,48.7,4.5,34.8,20.6,1.0,33.4
755,2022,0.3713,0.4356,0.4925,0.3624,0.3111,1.0,25.7,7.8,6.2,16.1,31.8,2.8,18.1,19.1,7.4,39.7
756,2022,0.346,0.5241,0.0677,0.594,0.4501,1.0,22.8,7.2,8.6,15.0,48.9,3.3,17.3,11.9,2.2,26.7
757,2022,0.0862,0.1931,0.2331,0.203,0.1332,1.0,17.7,2.9,1.6,17.9,19.6,5.3,33.6,20.6,0.0,17.0
758,2022,0.469,0.5897,0.4914,0.219,0.4259,1.0,21.3,8.9,12.3,16.4,20.7,5.1,23.5,17.3,10.4,26.9
759,2022,0.9126,0.8299,0.9403,0.5252,0.8496,4.0,39.5,4.5,24.2,29.0,43.3,7.2,29.2,26.4,10.6,10.4
760,2022,0.4793,0.6529,0.2951,0.3555,0.4581,2.0,29.2,6.5,23.3,16.4,31.1,4.6,47.1,17.4,4.2,35.5
761,2022,0.3977,0.3586,0.6602,0.164,0.4363,0.0,35.7,3.3,14.3,11.4,16.2,11.7,31.9,24.8,8.5,27.7
762,2022,0.6529,0.4517,0.6854,0.1067,0.8921,2.0,25.8,2.5,11.4,25.5,11.2,5.5,51.1,17.5,3.3,21.5
763,2022,0.6322,0.4034,0.5362,0.5677,0.8634,0.0,38.5,1.2,10.7,21.6,46.8,3.7,50.0,19.2,17.0,18.0
764,2022,0.3448,0.1621,0.7382,0.1204,0.5006,2.0,26.9,0.2,3.4,20.0,12.1,11.3,48.4,27.0,8.4,32.8
765,2022,0.7368,0.7448,0.504,0.4358,0.8071,3.0,36.3,6.2,16.7,19.4,37.1,24.6,32.7,30.2,3.7,2.5
766,2022,0.1126,0.0724,0.2698,0.125,0.3766,0.0,16.1,1.7,7.6,11.4,12.6,5.3,21.6,18.2,4.7,19.8
767,2022,0.6839,0.5092,0.8025,0.2454,0.7842,1.0,40.7,8.2,9.7,12.6,22.5,4.0,26.2,21.1,10.1,26.9
768,2022,0.4356,0.5322,0.3617,0.0998,0.5454,1.0,21.5,23.9,17.7,11.2,10.7,0.0,8.3,22.6,1.9,19.9
769,2022,0.7816,0.6966,0.7486,0.5459,0.8197,2.0,42.4,1.7,11.8,19.3,45.2,2.2,43.6,18.3,17.1,39.2
770,2022,0.7437,0.8126,0.0723,0.7913,0.9219,2.0,52.1,6.7,10.9,31.9,71.3,10.4,24.7,13.9,12.5,13.3
771,2022,0.8034,0.8264,0.4799,0.8154,0.7991,1.0,38.6,15.2,14.9,20.5,74.8,13.2,29.2,14.1,9.2,11.1
772,2022,0.8161,0.8379,0.6946,0.781,0.6533,1.0,44.0,5.0,19.1,24.7,70.5,8.4,38.5,12.9,13.5,5.6
773,2022,0.3667,0.2563,0.4902,0.7099,0.4225,0.0,22.4,11.3,7.3,6.4,62.9,5.0,12.5,12.5,3.5,0.0
774,2022,0.8724,0.8494,0.8048,0.9862,0.6039,3.0,49.0,17.4,8.3,23.8,99.3,9.5,47.6,16.3,26.3,0.0
775,2022,0.9276,0.8713,0.7061,0.8567,0.9082,3.0,63.2,14.7,13.5,20.2,80.5,8.9,35.8,12.3,18.4,4.9
776,2022,0.5839,0.377,0.729,0.7741,0.5327,0.0,26.6,3.3,11.3,20.4,69.9,8.8,30.4,21.1,8.5,5.6
777,2022,0.2448,0.5655,0.0907,0.3578,0.1825,0.0,21.4,5.2,17.6,18.3,31.3,4.5,35.0,18.4,2.9,32.4
778,2022,0.9575,0.8506,0.9346,0.8452,0.9208,1.0,50.0,14.3,16.8,21.3,78.5,11.0,29.0,18.6,18.3,14.0
779,2022,0.8862,0.7977,0.5603,0.8876,0.9334,2.0,43.8,10.9,11.0,24.6,86.6,16.9,37.3,10.4,12.2,16.5
780,2022,0.7575,0.9425,0.4053,0.75,0.4569,2.0,53.9,20.5,20.2,24.4,67.1,13.5,28.6,20.1,8.3,30.5
781,2022,0.7253,0.9287,0.1217,0.3154,0.822,3.0,35.8,13.2,18.0,29.6,27.4,4.3,24.5,18.8,2.5,46.2
782,2022,0.1552,0.2908,0.217,0.32,0.1584,1.0,7.8,5.6,8.2,7.7,27.8,0.8,3.6,5.7,19.3,10.6
783,2022,0.3701,0.4046,0.465,0.4644,0.3364,1.0,15.5,7.0,13.1,19.2,39.2,1.4,34.1,13.5,0.0,25.9
784,2022,0.5333,0.6793,0.4363,0.5722,0.3582,0.0,32.3,8.8,14.1,12.7,47.2,3.3,21.6,21.6,7.7,23.9
785,2022,0.8437,0.5483,0.9254,0.2661,0.9782,1.0,32.5,2.1,12.4,18.4,24.4,6.2,19.2,20.6,7.8,23.0
786,2022,0.6184,0.4793,0.4684,0.5872,0.7956,1.0,34.0,6.6,10.4,6.9,48.6,5.8,16.1,10.0,14.1,2.7
787,2022,0.5103,0.6046,0.6958,0.1835,0.3387,0.0,34.4,4.7,14.9,22.4,17.9,2.5,29.6,19.7,6.5,26.5
788,2022,0.6379,0.8046,0.5166,0.0722,0.5534,1.0,47.4,4.6,17.3,21.5,8.7,1.6,36.1,29.4,5.7,24.3
789,2022,0.8276,0.9402,0.7658,0.3842,0.5568,4.0,41.7,15.8,21.9,22.9,33.5,6.1,20.9,13.7,7.8,32.0
790,2022,0.6885,0.6736,0.5786,0.414,0.7532,1.0,21.8,11.9,17.6,26.1,36.1,3.3,20.3,11.1,7.4,3.9
791,2022,0.4207,0.1747,0.8599,0.07,0.5775,0.0,21.1,1.8,4.9,14.3,8.5,4.5,15.4,21.6,8.0,15.7
792,2022,0.8747,0.6943,0.744,0.6915,0.9518,2.0,38.8,0.5,15.2,22.8,60.7,7.8,36.8,24.3,0.9,28.8
793,2022,0.4828,0.3218,0.8657,0.0321,0.5144,1.0,30.2,4.4,6.6,9.8,4.5,0.0,26.6,23.8,5.8,21.9
794,2022,0.4218,0.8471,0.5511,0.0229,0.0631,3.0,44.0,6.6,10.3,30.5,3.2,1.0,20.0,33.4,7.2,22.7
795,2022,0.654,0.6908,0.7956,0.0447,0.5614,1.0,38.4,6.4,13.0,16.4,5.7,15.5,26.7,23.3,5.7,3.1
796,2022,0.0471,0.1793,0.2778,0.0378,0.0448,0.0,22.0,1.2,12.8,9.1,5.1,0.0,13.5,20.0,9.9,24.9
797,2022,0.523,0.3885,0.6579,0.0745,0.7061,1.0,35.6,6.0,7.9,17.7,8.9,3.8,29.2,20.0,2.3,8.7
798,2022,0.6483,0.5954,0.845,0.1502,0.5913,2.0,40.9,0.5,16.8,22.4,14.7,3.5,42.2,25.9,8.7,17.1
799,2022,0.6368,0.5816,0.7589,0.125,0.6659,1.0,26.8,3.2,13.1,23.7,12.6,7.5,31.8,17.1,5.3,8.0
800,2022,0.3563,0.5126,0.2514,0.8498,0.178,1.0,50.9,1.7,9.1,14.2,79.3,0.0,16.4,15.1,6.2,42.0
801,2022,0.8793,0.8586,0.682,0.8888,0.7738,3.0,50.4,9.6,17.6,11.4,86.7,5.5,5.5,7.8,20.8,15.0
802,2022,0.8943,0.8828,0.2296,0.8521,0.9862,3.0,47.0,18.6,11.1,21.5,79.6,16.3,24.2,10.0,9.4,21.8
803,2022,,,0.0287,0.0,0.0,,0.0,,0.0,0.0,0.0,0.0,0.0,100.0,0.0,0.0
804,2022,0.3552,0.5989,0.1952,0.1101,0.4179,0.0,25.0,7.3,14.1,21.6,11.6,7.1,26.8,17.3,2.6,26.8
805,2022,0.5138,0.492,0.4788,0.1571,0.6636,1.0,27.9,6.5,12.0,26.3,15.5,1.0,25.9,20.1,10.7,27.4
806,2022,0.692,0.4218,0.7015,0.5482,0.8783,0.0,32.6,1.6,8.8,22.4,45.3,3.6,15.4,16.9,8.3,3.7
807,2022,0.6667,0.3483,0.9736,0.5608,0.5901,0.0,27.5,0.0,10.0,18.1,46.1,6.1,23.3,19.2,14.4,6.5
808,2022,0.4874,0.2966,0.8416,0.1938,0.5362,1.0,22.7,3.5,7.2,21.9,18.9,4.6,34.2,19.2,6.0,24.3
809,2022,0.4264,0.5701,0.6349,0.0195,0.2905,0.0,28.7,4.2,9.6,22.3,2.9,3.1,24.1,22.8,9.5,33.0
810,2022,0.5621,0.6897,0.7704,0.7305,0.1412,1.0,47.8,12.0,17.5,10.9,65.2,2.9,26.4,25.9,23.9,30.6
811,2022,0.4782,0.4805,0.5821,0.6319,0.3192,0.0,34.3,0.0,9.9,15.7,53.4,3.7,28.8,19.9,4.7,26.7
812,2022,0.9333,0.877,0.9196,0.539,0.8737,3.0,46.8,16.7,12.5,23.6,44.2,24.9,37.0,23.8,1.1,3.0
813,2022,0.3828,0.2885,0.5729,0.4014,0.4512,1.0,19.9,3.7,5.4,16.1,34.7,2.5,41.7,23.2,4.9,29.7
814,2022,0.1736,0.2943,0.2824,0.414,0.1297,1.0,25.2,1.1,5.9,27.2,36.1,0.0,3.9,25.6,1.6,15.8
815,2022,0.7126,0.7138,0.8909,0.6755,0.3594,2.0,35.4,27.2,7.3,18.2,58.7,0.1,25.6,21.9,12.4,46.5
816,2022,0.0506,0.0138,0.2285,0.3096,0.2423,0.0,12.3,0.8,3.3,3.2,27.1,2.7,20.6,20.1,0.0,25.4
817,2022,0.9069,0.8333,0.9793,0.8544,0.5706,2.0,51.2,9.5,12.0,15.6,79.9,15.5,21.9,23.3,15.3,3.4
818,2022,0.9517,0.9437,0.6912,0.8509,0.8978,5.0,52.4,18.5,15.9,16.1,79.5,22.1,33.5,21.0,17.0,0.0
819,2022,0.7333,0.6506,0.496,0.828,0.8117,1.0,28.1,2.6,17.7,17.8,75.8,25.3,38.8,19.9,5.8,2.0
820,2022,0.7989,0.2805,0.992,0.7546,0.8668,2.0,36.0,1.6,5.5,7.3,67.7,3.6,13.2,24.4,19.0,7.7
821,2022,0.5264,0.269,0.8186,0.6009,0.5132,0.0,17.2,3.2,14.7,9.6,49.8,1.8,6.1,16.7,3.4,9.1
822,2022,0.454,0.6034,0.4259,0.7741,0.209,0.0,28.4,11.1,13.4,10.3,69.9,7.6,31.0,22.3,7.1,0.0
823,2022,0.6207,0.7322,0.4822,0.8131,0.3869,1.0,35.5,6.8,18.5,15.3,74.4,3.0,19.3,18.7,3.9,9.1
824,2022,0.277,0.0241,0.667,0.258,0.6096,1.0,12.5,0.0,5.7,7.1,23.3,4.6,10.3,17.4,2.0,15.3
825,2022,0.6103,0.331,0.8944,0.3532,0.6866,1.0,25.1,1.1,11.3,11.0,31.0,8.5,30.4,21.8,5.8,46.4
826,2022,0.246,0.3057,0.4512,0.5229,0.1481,0.0,19.0,3.0,10.3,16.8,43.2,1.4,20.9,17.9,9.8,23.6
827,2022,0.4483,0.3529,0.3261,0.6537,0.6062,1.0,25.5,1.4,11.6,15.1,56.0,3.7,25.8,19.0,8.2,43.3
828,2022,0.8391,0.7713,0.8565,0.625,0.7428,1.0,27.0,5.6,20.1,20.6,52.7,6.1,53.3,23.8,3.0,14.9
829,2022,0.8805,0.7034,0.9185,0.7718,0.8565,0.0,31.5,6.6,13.8,20.9,69.5,13.7,60.6,25.6,13.0,5.8
830,2022,0.9839,0.9747,0.806,0.9381,0.9587,3.0,47.4,18.8,16.4,34.6,92.9,15.2,40.7,23.2,16.2,11.2
831,2022,0.9931,0.9793,0.9908,0.992,0.8094,9.0,75.5,27.3,13.1,30.6,99.6,37.7,64.0,27.8,12.1,3.8
832,2022,0.8207,0.8862,0.3938,0.9622,0.7577,7.0,58.2,9.5,8.5,25.4,96.3,24.4,67.6,30.3,11.5,1.7
833,2022,0.6218,0.3011,0.5373,0.7924,0.8726,0.0,23.8,3.2,7.9,7.5,71.8,9.9,34.2,23.1,7.4,0.0
834,2022,0.7414,0.6632,0.6257,0.6273,0.791,0.0,21.8,6.9,12.9,16.6,52.8,8.8,23.8,21.7,5.7,4.2
835,2022,0.4598,0.3069,0.5752,0.7523,0.473,0.0,25.3,3.3,11.0,9.0,67.6,4.6,28.1,20.3,4.5,5.5
836,2022,0.8103,0.7793,0.876,0.8073,0.5465,5.0,60.9,4.5,10.0,19.2,73.6,4.8,40.0,27.5,17.4,1.1
837,2022,1.0,0.9264,0.9747,0.9771,0.9943,9.0,55.8,15.9,10.5,30.1,98.4,37.3,59.9,22.2,12.4,2.3
838,2022,0.931,0.8966,0.9885,0.9943,0.4443,4.0,61.9,19.0,9.9,23.6,99.7,13.6,56.0,25.2,13.4,7.5
839,2022,0.9391,0.9552,0.6556,0.9507,0.8324,8.0,59.2,16.5,13.1,31.7,95.2,23.4,45.2,28.0,4.5,2.8
840,2022,0.9494,0.854,0.9173,0.9358,0.8611,2.0,54.0,21.8,16.0,14.8,92.8,4.5,46.4,20.9,14.5,9.5
841,2022,0.8759,0.9322,0.8576,0.8922,0.434,3.0,47.8,10.6,23.4,18.3,87.0,15.8,43.6,34.0,14.5,7.8
842,2022,0.5782,0.4402,0.8645,0.2294,0.5212,1.0,29.5,0.7,14.6,24.1,21.2,4.3,38.0,17.9,8.8,51.0
843,2022,0.6874,0.3172,0.9874,0.7741,0.4879,3.0,31.0,8.4,8.0,3.8,69.9,7.2,45.9,27.3,8.6,0.0
844,2022,0.5943,0.7954,0.2939,0.8303,0.3261,0.0,42.5,4.6,16.0,19.8,76.1,10.0,33.1,21.0,7.3,4.1
845,2022,0.9391,0.831,0.7428,0.8842,0.9414,4.0,67.1,20.0,16.9,19.0,86.3,10.6,17.3,27.6,12.6,4.3
846,2022,0.7598,0.8034,0.6292,0.9633,0.4719,4.0,45.4,10.1,3.7,33.1,96.4,0.9,61.0,24.1,4.7,6.8
847,2022,0.3736,0.6851,0.2193,0.7443,0.132,2.0,27.4,7.0,22.5,11.9,66.9,1.7,14.1,10.6,11.0,38.1
848,2022,0.8506,0.8954,0.0884,0.6709,0.9989,5.0,45.7,21.4,19.6,29.2,57.9,10.2,28.9,17.2,6.9,37.5
849,2022,0.9989,0.9736,0.9977,0.7225,0.8576,4.0,52.8,11.2,35.6,22.2,63.8,7.7,15.0,26.5,19.4,17.7
850,2022,0.2517,0.2989,0.1837,0.6021,0.2824,0.0,26.3,0.0,15.6,14.1,50.0,2.3,14.4,16.6,4.9,28.7
851,2022,0.0092,0.0299,0.0563,0.0057,0.0356,0.0,16.1,3.6,2.9,5.0,0.5,0.0,18.2,9.7,2.9,20.9
852,2022,0.5,0.1644,0.9208,0.0803,0.713,0.0,26.3,3.4,5.7,9.8,9.3,8.9,23.4,24.8,9.5,20.6
853,2022,0.6149,0.7391,0.6326,0.6296,0.2928,2.0,40.1,10.6,15.7,31.0,53.2,16.0,43.8,23.1,2.3,28.3
854,2022,0.269,0.131,0.4351,0.1009,0.5798,0.0,13.3,2.0,11.8,9.6,10.8,2.8,19.2,17.0,3.3,19.5
855,2022,0.4989,0.4667,0.7118,0.1835,0.4592,0.0,32.3,1.7,13.1,14.7,17.9,3.7,27.7,21.9,9.9,12.4
856,2022,0.9218,0.9368,0.8278,0.6961,0.7348,3.0,36.0,38.1,19.1,31.8,61.1,26.2,27.3,26.8,5.7,9.1
857,2022,0.7736,0.5103,0.7451,0.8177,0.8714,2.0,46.6,8.0,10.5,11.2,74.9,8.7,17.2,16.8,21.8,22.8
858,2022,0.3138,0.3816,0.2813,0.719,0.2158,3.0,50.0,4.4,9.3,7.5,63.7,5.1,56.3,28.6,0.0,39.4
859,2022,0.5759,0.5552,0.3777,0.7993,0.5603,2.0,25.4,4.8,9.0,21.6,72.7,5.1,28.9,36.1,10.2,31.1
860,2022,0.5575,0.3299,0.8622,0.4587,0.5247,1.0,36.0,0.5,9.8,13.0,38.7,2.7,27.7,19.6,9.5,12.6
861,2022,0.4322,0.4299,0.3881,0.664,0.4076,1.0,24.2,7.9,10.3,15.5,57.0,3.7,32.1,30.0,2.8,32.0
862,2022,0.9161,0.8,0.946,0.6835,0.8404,1.0,50.4,4.7,17.3,20.2,59.7,14.0,33.8,32.8,9.1,1.5
863,2022,0.6126,0.4,0.7968,0.6846,0.5626,0.0,33.9,6.5,8.5,11.9,59.8,6.0,17.0,15.9,16.7,4.6
864,2022,0.5402,0.4437,0.2423,0.4472,0.8312,0.0,28.8,12.1,8.2,11.5,37.8,6.3,38.2,21.1,1.8,24.8
865,2022,0.3954,0.5115,0.6062,0.3922,0.1871,0.0,35.4,2.7,11.1,20.7,34.1,3.6,36.5,21.0,5.9,17.0
866,2022,0.7747,0.5529,0.8324,0.5642,0.8542,0.0,37.7,3.5,16.6,13.2,46.4,7.0,20.8,14.7,12.0,18.4
867,2022,0.6977,0.7931,0.163,0.6927,0.7922,0.0,43.4,9.5,17.4,18.2,60.9,15.4,29.5,19.7,2.5,32.2
868,2022,0.2218,0.2575,0.2193,0.383,0.3054,1.0,24.6,7.7,7.5,10.3,33.3,0.6,27.7,21.0,2.0,45.8
869,2022,0.7701,0.6103,0.4581,0.7317,0.9495,4.0,36.4,3.6,11.5,30.3,65.3,4.6,28.4,24.8,4.0,36.1
870,2022,0.777,0.8839,0.7256,0.7901,0.4122,2.0,42.3,24.5,15.2,16.6,71.2,4.6,21.9,28.0,11.6,4.7
871,2022,0.9816,0.9448,0.7635,0.9358,0.9874,7.0,55.6,12.5,14.8,25.1,92.8,20.9,22.3,22.7,22.1,3.1
872,2022,0.0529,0.0701,0.1998,0.1869,0.1745,0.0,12.5,1.3,6.3,13.3,18.1,1.0,28.4,16.5,4.3,26.7
873,2022,0.9598,0.9851,0.5017,0.9518,0.9483,5.0,61.9,21.7,18.2,22.7,95.3,23.5,26.8,32.2,12.3,11.6
874,2022,0.2724,0.4207,0.5052,0.3784,0.0953,1.0,23.7,2.1,12.4,9.8,32.9,3.4,15.7,23.1,20.0,18.6
875,2022,0.7805,0.6184,0.7187,0.4369,0.9254,0.0,35.4,7.0,14.3,16.7,37.2,11.4,33.7,21.0,0.3,26.9
