tract_fips,county_fips,county_name,region,is_delta,total_population,pre_existing_avg,mental_health_avg,access_risk_raw,structural_risk_raw,pre_existing_score,mental_health_score,access_score,structural_score,mri,mri_quintile,rpl_themes
28089030205,28089,Madison,Jackson Metro,False,3262,21.63,12.95,3.7,1.26,27.2,3.4,0.0,1.3,8.0,1,0.0126
28089030301,28089,Madison,Jackson Metro,False,7322,20.68,14.3,4.35,1.61,24.4,11.8,2.1,1.6,10.0,1,0.0161
28049001400,28049,Hinds,Jackson Metro,False,3187,18.88,14.3,4.0,10.34,19.2,11.8,1.0,10.3,10.6,1,0.1034
28045030502,28045,Hancock,Gulf Coast,False,2379,23.25,13.95,4.9,1.49,31.9,9.7,4.0,1.5,11.8,1,0.0149
28089030204,28089,Madison,Jackson Metro,False,4113,21.15,14.55,4.85,5.52,25.8,13.4,3.8,5.5,12.1,1,0.0552
28089030402,28089,Madison,Jackson Metro,False,10513,20.3,16.05,5.1,0.11,23.3,22.7,4.6,0.1,12.7,1,0.0011
28089030110,28089,Madison,Jackson Metro,False,3234,21.68,15.05,4.8,3.56,27.4,16.5,3.6,3.6,12.8,1,0.0356
28089030207,28089,Madison,Jackson Metro,False,3404,22.5,15.35,5.1,0.34,29.8,18.4,4.6,0.3,13.3,1,0.0034
28089030202,28089,Madison,Jackson Metro,False,5571,21.38,15.45,4.9,4.25,26.5,19.0,4.0,4.3,13.4,1,0.0425
28121020806,28121,Rankin,Jackson Metro,False,5598,20.93,16.15,5.3,2.53,25.2,23.4,5.3,2.5,14.1,1,0.0253
28121020210,28121,Rankin,Jackson Metro,False,5085,22.58,15.6,5.3,1.84,30.0,19.9,5.3,1.8,14.3,1,0.0184
28121020208,28121,Rankin,Jackson Metro,False,5833,24.05,15.15,5.45,0.8,34.3,17.1,5.8,0.8,14.5,1,0.008
28089030104,28089,Madison,Jackson Metro,False,2282,21.8,14.8,5.8,8.97,27.7,15.0,6.9,9.0,14.6,1,0.0897
28089030208,28089,Madison,Jackson Metro,False,6097,21.85,16.0,6.15,0.57,27.9,22.4,8.1,0.6,14.7,1,0.0057
28121020103,28121,Rankin,Jackson Metro,False,4923,22.83,16.0,5.5,0.46,30.7,22.4,5.9,0.5,14.9,1,0.0046
28049000200,28049,Hinds,Jackson Metro,False,4870,21.13,15.8,5.65,6.67,25.7,21.2,6.4,6.7,15.0,1,0.0667
28049010806,28049,Hinds,Jackson Metro,False,4242,22.33,14.45,5.8,12.64,29.2,12.8,6.9,12.6,15.4,1,0.1264
28121980000,28121,Rankin,Jackson Metro,False,56,25.18,14.7,6.7,0.0,37.6,14.3,9.9,0.0,15.4,1,0.0
28033070632,28033,DeSoto,Delta,True,3793,21.88,16.4,6.25,0.69,27.9,24.9,8.4,0.7,15.5,1,0.0069
28047000900,28047,Harrison,Gulf Coast,False,3137,12.3,19.1,8.85,4.83,0.0,41.7,17.0,4.8,15.9,1,0.0483
28033070631,28033,DeSoto,Delta,True,5389,22.7,16.15,6.2,2.07,30.3,23.4,8.2,2.1,16.0,1,0.0207
28089030206,28089,Madison,Jackson Metro,False,1779,23.33,12.4,4.55,29.31,32.2,0.0,2.8,29.3,16.1,1,0.2931
28047003106,28047,Harrison,Gulf Coast,False,2662,21.75,16.85,5.65,3.33,27.6,27.7,6.4,3.3,16.3,1,0.0333
28121020212,28121,Rankin,Jackson Metro,False,3848,22.93,16.6,6.25,1.38,31.0,26.2,8.4,1.4,16.7,1,0.0138
28059040600,28059,Jackson,Gulf Coast,False,5331,23.2,15.9,5.55,7.59,31.8,21.8,6.1,7.6,16.8,1,0.0759
28049001500,28049,Hinds,Jackson Metro,False,2820,18.05,17.8,6.2,9.08,16.8,33.6,8.2,9.1,16.9,1,0.0908
28033071123,28033,DeSoto,Delta,True,3961,22.2,17.3,5.75,2.41,28.9,30.5,6.8,2.4,17.1,1,0.0241
28033070634,28033,DeSoto,Delta,True,1319,24.0,16.4,6.55,0.23,34.1,24.9,9.4,0.2,17.2,1,0.0023
28073020206,28073,Lamar,Pine Belt,False,4852,22.58,16.7,5.8,5.4,30.0,26.8,6.9,5.4,17.3,1,0.054
28081950404,28081,Lee,Other,False,4771,24.2,15.9,6.4,3.91,34.7,21.8,8.9,3.9,17.3,1,0.0391
28047002900,28047,Harrison,Gulf Coast,False,1635,23.13,14.4,4.3,24.02,31.6,12.5,2.0,24.0,17.5,1,0.2402
28087980000,28087,Lowndes,Other,False,1428,12.53,19.2,8.55,11.15,0.7,42.4,16.0,11.2,17.5,1,0.1115
28089030107,28089,Madison,Jackson Metro,False,2505,22.88,16.0,6.3,9.2,30.9,22.4,8.6,9.2,17.8,1,0.092
28089030203,28089,Madison,Jackson Metro,False,3227,21.95,16.05,6.35,11.84,28.2,22.7,8.7,11.8,17.9,1,0.1184
28081950203,28081,Lee,Other,False,1961,23.78,16.75,6.05,3.68,33.5,27.1,7.7,3.7,18.0,1,0.0368
28033070633,28033,DeSoto,Delta,True,4452,23.1,17.2,6.05,2.87,31.5,29.9,7.7,2.9,18.0,1,0.0287
28045030503,28045,Hancock,Gulf Coast,False,4823,25.5,15.5,6.4,6.09,38.5,19.3,8.9,6.1,18.2,1,0.0609
28033071002,28033,DeSoto,Delta,True,5568,22.15,17.65,6.2,3.22,28.7,32.7,8.2,3.2,18.2,1,0.0322
28033070635,28033,DeSoto,Delta,True,6904,21.8,16.6,6.25,11.03,27.7,26.2,8.4,11.0,18.3,1,0.1103
28033070524,28033,DeSoto,Delta,True,2906,25.28,15.7,6.55,6.78,37.9,20.6,9.4,6.8,18.6,1,0.0678
28033070722,28033,DeSoto,Delta,True,6309,23.03,17.5,6.65,1.95,31.3,31.8,9.7,2.0,18.7,1,0.0195
28045030201,28045,Hancock,Gulf Coast,False,1301,23.5,17.25,6.85,1.72,32.7,30.2,10.4,1.7,18.7,1,0.0172
28121020209,28121,Rankin,Jackson Metro,False,4891,24.95,16.6,6.85,2.99,36.9,26.2,10.4,3.0,19.1,1,0.0299
28033070830,28033,DeSoto,Delta,True,8318,24.13,17.05,7.3,2.3,34.5,29.0,11.9,2.3,19.4,1,0.023
28011950602,28011,Bolivar,Delta,True,4102,20.25,18.1,7.1,7.93,23.2,35.5,11.2,7.9,19.5,1,0.0793
28121020218,28121,Rankin,Jackson Metro,False,5983,21.8,16.65,6.2,15.86,27.7,26.5,8.2,15.9,19.6,1,0.1586
28085950601,28085,Lincoln,Other,False,3127,24.0,16.05,6.1,13.79,34.1,22.7,7.9,13.8,19.6,1,0.1379
28045030101,28045,Hancock,Gulf Coast,False,1824,25.53,16.35,7.25,3.79,38.6,24.6,11.7,3.8,19.7,1,0.0379
28045030302,28045,Hancock,Gulf Coast,False,2426,24.43,17.1,7.25,2.76,35.4,29.3,11.7,2.8,19.8,1,0.0276
28047001205,28047,Harrison,Gulf Coast,False,2883,22.35,15.25,5.75,25.29,29.3,17.8,6.8,25.3,19.8,1,0.2529
28089030109,28089,Madison,Jackson Metro,False,3711,24.63,14.75,6.4,19.66,36.0,14.6,8.9,19.7,19.8,1,0.1966
28087000406,28087,Lowndes,Other,False,2207,23.28,17.3,7.25,4.94,32.0,30.5,11.7,4.9,19.8,1,0.0494
28149950102,28149,Warren,Delta,True,3060,24.7,16.75,7.0,5.06,36.2,27.1,10.9,5.1,19.8,1,0.0506
28087000301,28087,Lowndes,Other,False,3211,24.15,15.9,7.1,12.41,34.6,21.8,11.2,12.4,20.0,1,0.1241
28087000302,28087,Lowndes,Other,False,3828,22.98,16.0,7.6,13.91,31.1,22.4,12.9,13.9,20.1,1,0.1391
28049011105,28049,Hinds,Jackson Metro,False,4962,27.13,14.75,8.3,7.36,43.3,14.6,15.2,7.4,20.1,1,0.0736
28047001505,28047,Harrison,Gulf Coast,False,2151,22.93,17.55,6.85,7.82,31.0,32.1,10.4,7.8,20.3,1,0.0782
28081950403,28081,Lee,Other,False,3286,23.2,16.75,6.7,12.53,31.8,27.1,9.9,12.5,20.3,1,0.1253
28045030202,28045,Hancock,Gulf Coast,False,1089,24.73,15.75,6.45,15.17,36.3,20.9,9.1,15.2,20.3,1,0.1517
28049000100,28049,Hinds,Jackson Metro,False,4524,23.93,15.25,7.1,18.62,33.9,17.8,11.2,18.6,20.4,1,0.1862
28059042600,28059,Jackson,Gulf Coast,False,2306,25.48,16.0,6.6,12.3,38.4,22.4,9.6,12.3,20.7,1,0.123
28089030401,28089,Madison,Jackson Metro,False,9840,21.18,15.95,6.5,25.52,25.9,22.1,9.2,25.5,20.7,1,0.2552
28071950505,28071,Lafayette,Other,False,3770,19.75,17.6,7.55,16.09,21.7,32.4,12.7,16.1,20.7,1,0.1609
28121020214,28121,Rankin,Jackson Metro,False,4038,22.55,17.35,7.45,10.23,29.9,30.8,12.4,10.2,20.8,1,0.1023
28035010601,28035,Forrest,Pine Belt,False,3613,23.13,17.7,6.95,8.51,31.6,33.0,10.7,8.5,21.0,1,0.0851
28073020303,28073,Lamar,Pine Belt,False,3602,22.38,17.75,6.8,11.38,29.4,33.3,10.2,11.4,21.1,1,0.1138
28049010805,28049,Hinds,Jackson Metro,False,3843,23.35,15.65,6.9,21.38,32.2,20.2,10.5,21.4,21.1,1,0.2138
28121020219,28121,Rankin,Jackson Metro,False,4935,24.23,15.55,6.45,21.03,34.8,19.6,9.1,21.0,21.1,1,0.2103
28071950404,28071,Lafayette,Other,False,5883,22.25,17.0,7.9,12.99,29.0,28.7,13.8,13.0,21.1,1,0.1299
28121020215,28121,Rankin,Jackson Metro,False,4810,23.18,16.45,6.75,17.7,31.7,25.2,10.0,17.7,21.2,1,0.177
28059040701,28059,Jackson,Gulf Coast,False,3843,25.0,16.65,7.05,10.69,37.1,26.5,11.0,10.7,21.3,1,0.1069
28137950201,28137,Tate,Delta,True,3354,24.25,16.35,6.95,15.52,34.9,24.6,10.7,15.5,21.4,1,0.1552
28089030403,28089,Madison,Jackson Metro,False,1543,30.05,15.0,9.05,1.03,51.8,16.2,17.6,1.0,21.7,1,0.0103
28047003313,28047,Harrison,Gulf Coast,False,2130,25.35,17.15,7.35,7.13,38.1,29.6,12.0,7.1,21.7,1,0.0713
28073020205,28073,Lamar,Pine Belt,False,4291,23.1,16.9,6.25,19.08,31.5,28.0,8.4,19.1,21.8,1,0.1908
28121020303,28121,Rankin,Jackson Metro,False,5444,22.38,18.7,7.8,5.63,29.4,39.3,13.5,5.6,21.9,1,0.0563
28047001402,28047,Harrison,Gulf Coast,False,825,24.0,16.8,6.6,16.78,34.1,27.4,9.6,16.8,22.0,1,0.1678
28153950302,28153,Wayne,Other,False,3170,25.53,18.2,7.65,0.92,38.6,36.1,13.0,0.9,22.2,1,0.0092
28033070721,28033,DeSoto,Delta,True,6794,24.38,16.95,7.7,12.07,35.2,28.3,13.2,12.1,22.2,1,0.1207
28003950202,28003,Alcorn,Other,False,3455,23.93,16.0,6.0,25.06,33.9,22.4,7.6,25.1,22.2,1,0.2506
28067950201,28067,Jones,Pine Belt,False,2926,24.73,17.25,7.8,9.31,36.3,30.2,13.5,9.3,22.3,1,0.0931
28047003408,28047,Harrison,Gulf Coast,False,2408,23.2,18.35,6.95,9.77,31.8,37.1,10.7,9.8,22.3,1,0.0977
28121020216,28121,Rankin,Jackson Metro,False,4530,24.15,15.55,6.5,25.98,34.6,19.6,9.2,26.0,22.4,1,0.2598
28071950201,28071,Lafayette,Other,False,3690,20.75,15.5,6.15,37.7,24.7,19.3,8.1,37.7,22.4,1,0.377
28047001203,28047,Harrison,Gulf Coast,False,2140,21.8,18.8,8.2,7.47,27.7,39.9,14.8,7.5,22.5,1,0.0747
28033071122,28033,DeSoto,Delta,True,2352,23.88,18.6,7.05,6.55,33.8,38.6,11.0,6.6,22.5,1,0.0655
28099010101,28099,Neshoba,Other,False,2534,27.6,16.85,7.8,4.14,44.6,27.7,13.5,4.1,22.5,1,0.0414
28075010304,28075,Lauderdale,Other,False,2743,24.1,17.75,6.85,11.95,34.4,33.3,10.4,12.0,22.5,1,0.1195
28047002802,28047,Harrison,Gulf Coast,False,1373,25.25,17.2,6.25,14.02,37.8,29.9,8.4,14.0,22.5,1,0.1402
28047003800,28047,Harrison,Gulf Coast,False,1189,25.2,16.5,7.0,16.55,37.6,25.5,10.9,16.6,22.7,1,0.1655
28059040903,28059,Jackson,Gulf Coast,False,3127,22.88,17.25,6.75,19.77,30.9,30.2,10.0,19.8,22.7,1,0.1977
28047003405,28047,Harrison,Gulf Coast,False,5081,22.45,18.2,8.3,10.57,29.6,36.1,15.2,10.6,22.9,1,0.1057
28085950401,28085,Lincoln,Other,False,2617,25.03,17.2,7.4,12.76,37.1,29.9,12.2,12.8,23.0,1,0.1276
28073020203,28073,Lamar,Pine Belt,False,3633,23.85,18.2,7.95,8.16,33.7,36.1,14.0,8.2,23.0,1,0.0816
28047001600,28047,Harrison,Gulf Coast,False,4069,23.65,17.65,6.65,16.67,33.1,32.7,9.7,16.7,23.1,1,0.1667
28095950101,28095,Monroe,Other,False,2951,25.4,17.85,7.25,8.85,38.2,34.0,11.7,8.9,23.2,1,0.0885
28071950506,28071,Lafayette,Other,False,3612,21.03,17.85,7.55,20.8,25.5,34.0,12.7,20.8,23.2,1,0.208
28049010807,28049,Hinds,Jackson Metro,False,2955,26.6,15.15,7.25,22.64,41.7,17.1,11.7,22.6,23.3,1,0.2264
28121020902,28121,Rankin,Jackson Metro,False,4143,25.85,17.65,8.0,7.01,39.5,32.7,14.2,7.0,23.4,1,0.0701
28075010203,28075,Lauderdale,Other,False,1802,27.3,16.7,8.5,8.05,43.8,26.8,15.8,8.1,23.6,1,0.0805
28121020101,28121,Rankin,Jackson Metro,False,6147,25.18,17.85,7.9,9.54,37.6,34.0,13.8,9.5,23.7,1,0.0954
28047003216,28047,Harrison,Gulf Coast,False,2515,26.65,17.7,8.45,4.48,41.9,33.0,15.7,4.5,23.8,1,0.0448
28071950403,28071,Lafayette,Other,False,3297,22.53,17.15,8.0,22.41,29.8,29.6,14.2,22.4,24.0,1,0.2241
28035010104,28035,Forrest,Pine Belt,False,3745,23.8,18.75,8.15,8.74,33.6,39.6,14.7,8.7,24.1,1,0.0874
28027950200,28027,Coahoma,Delta,True,2473,24.4,16.5,8.75,19.31,35.3,25.5,16.6,19.3,24.2,1,0.1931
28087000404,28087,Lowndes,Other,False,3997,24.68,17.65,7.75,14.83,36.1,32.7,13.3,14.8,24.2,1,0.1483
28047001702,28047,Harrison,Gulf Coast,False,1679,22.35,19.85,8.35,5.98,29.3,46.4,15.3,6.0,24.3,1,0.0598
28033070723,28033,DeSoto,Delta,True,4529,26.95,17.25,8.9,7.24,42.7,30.2,17.1,7.2,24.3,1,0.0724
28095950102,28095,Monroe,Other,False,2865,26.58,18.6,7.7,4.02,41.6,38.6,13.2,4.0,24.4,1,0.0402
28047003509,28047,Harrison,Gulf Coast,False,4918,24.53,17.45,8.35,15.06,35.7,31.5,15.3,15.1,24.4,1,0.1506
28087000103,28087,Lowndes,Other,False,5380,23.5,18.3,7.9,14.48,32.7,36.8,13.8,14.5,24.4,1,0.1448
28049011203,28049,Hinds,Jackson Metro,False,4535,28.0,17.05,8.8,6.21,45.8,29.0,16.8,6.2,24.4,1,0.0621
28033070821,28033,DeSoto,Delta,True,5699,24.85,18.5,8.0,9.43,36.6,38.0,14.2,9.4,24.6,1,0.0943
28033070900,28033,DeSoto,Delta,True,6412,24.55,18.95,8.0,7.7,35.7,40.8,14.2,7.7,24.6,1,0.077
28047001504,28047,Harrison,Gulf Coast,False,1668,26.7,18.0,8.85,4.6,42.0,34.9,17.0,4.6,24.6,1,0.046
28047003312,28047,Harrison,Gulf Coast,False,2524,25.2,18.3,9.1,6.32,37.6,36.8,17.8,6.3,24.6,1,0.0632
28071950304,28071,Lafayette,Other,False,2264,19.48,18.4,8.5,24.71,20.9,37.4,15.8,24.7,24.7,1,0.2471
28071950507,28071,Lafayette,Other,False,5182,24.8,17.95,8.1,13.56,36.5,34.6,14.5,13.6,24.8,1,0.1356
28059040205,28059,Jackson,Gulf Coast,False,3871,26.65,18.1,7.35,10.0,41.9,35.5,12.0,10.0,24.9,1,0.1
28033071001,28033,DeSoto,Delta,True,6459,23.63,17.55,6.85,23.91,33.0,32.1,10.4,23.9,24.9,1,0.2391
28049011201,28049,Hinds,Jackson Metro,False,2170,28.93,16.45,8.6,9.66,48.5,25.2,16.1,9.7,24.9,1,0.0966
28049002700,28049,Hinds,Jackson Metro,False,981,26.25,15.4,9.6,21.26,40.7,18.7,19.4,21.3,25.0,1,0.2126
28033070811,28033,DeSoto,Delta,True,5799,24.55,16.3,7.4,27.93,35.7,24.3,12.2,27.9,25.0,1,0.2793
28113950102,28113,Pike,Other,False,4004,27.6,18.0,8.95,3.45,44.6,34.9,17.3,3.5,25.1,1,0.0345
28131020203,28131,Stone,Other,False,3949,25.48,18.5,7.55,11.26,38.4,38.0,12.7,11.3,25.1,1,0.1126
28075010601,28075,Lauderdale,Other,False,3493,26.35,18.0,9.25,6.9,41.0,34.9,18.3,6.9,25.3,1,0.069
28047003306,28047,Harrison,Gulf Coast,False,1721,20.13,18.9,8.95,20.57,22.8,40.5,17.3,20.6,25.3,1,0.2057
28121021004,28121,Rankin,Jackson Metro,False,4816,25.85,18.4,9.2,6.44,39.5,37.4,18.1,6.4,25.4,1,0.0644
28033070724,28033,DeSoto,Delta,True,2694,26.03,16.4,7.7,23.45,40.0,24.9,13.2,23.5,25.4,1,0.2345
28121020213,28121,Rankin,Jackson Metro,False,1402,21.1,17.85,6.85,31.61,25.7,34.0,10.4,31.6,25.4,1,0.3161
28059040901,28059,Jackson,Gulf Coast,False,5390,23.9,18.25,7.85,17.93,33.8,36.4,13.7,17.9,25.5,1,0.1793
28059040302,28059,Jackson,Gulf Coast,False,2126,22.9,17.15,7.2,30.23,30.9,29.6,11.5,30.2,25.6,1,0.3023
28059040106,28059,Jackson,Gulf Coast,False,2326,24.2,18.4,7.2,18.74,34.7,37.4,11.5,18.7,25.6,1,0.1874
28075001101,28075,Lauderdale,Other,False,3168,24.43,16.4,8.0,28.28,35.4,24.9,14.2,28.3,25.7,1,0.2828
28121020803,28121,Rankin,Jackson Metro,False,2346,26.05,18.85,8.85,5.75,40.1,40.2,17.0,5.8,25.8,1,0.0575
28015950202,28015,Carroll,Delta,True,1511,26.4,16.6,7.65,22.87,41.1,26.2,13.0,22.9,25.8,1,0.2287
28087001000,28087,Lowndes,Other,False,2428,28.4,16.15,8.6,17.24,47.0,23.4,16.1,17.2,25.9,1,0.1724
28121020801,28121,Rankin,Jackson Metro,False,2730,24.75,16.95,7.6,26.21,36.3,28.3,12.9,26.2,25.9,1,0.2621
28121020804,28121,Rankin,Jackson Metro,False,7113,24.05,19.15,8.6,11.61,34.3,42.1,16.1,11.6,26.0,1,0.1161
28149950901,28149,Warren,Delta,True,4834,25.18,16.8,7.25,27.7,37.6,27.4,11.7,27.7,26.1,1,0.277
28033070822,28033,DeSoto,Delta,True,4856,24.03,19.25,9.55,8.39,34.2,42.7,19.3,8.4,26.1,1,0.0839
28141950301,28141,Tishomingo,Other,False,2679,27.88,18.65,8.45,4.71,45.4,38.9,15.7,4.7,26.2,1,0.0471
28047002801,28047,Harrison,Gulf Coast,False,1843,21.93,18.25,7.4,28.05,28.1,36.4,12.2,28.1,26.2,1,0.2805
28067950801,28067,Jones,Pine Belt,False,2696,27.0,17.75,8.35,13.33,42.9,33.3,15.3,13.3,26.2,1,0.1333
28085950201,28085,Lincoln,Other,False,3527,26.15,18.1,8.7,12.87,40.4,35.5,16.5,12.9,26.3,1,0.1287
28073020204,28073,Lamar,Pine Belt,False,4979,23.43,18.45,7.8,21.84,32.5,37.7,13.5,21.8,26.4,1,0.2184
28163950400,28163,Yazoo,Delta,True,1785,30.15,17.35,8.95,5.29,52.1,30.8,17.3,5.3,26.4,1,0.0529
28081950502,28081,Lee,Other,False,3359,24.35,16.6,7.8,31.03,35.2,26.2,13.5,31.0,26.5,1,0.3103
28047003508,28047,Harrison,Gulf Coast,False,3837,23.5,19.05,7.8,18.28,32.7,41.4,13.5,18.3,26.5,1,0.1828
28047003217,28047,Harrison,Gulf Coast,False,2499,24.73,18.3,8.55,17.01,36.3,36.8,16.0,17.0,26.5,1,0.1701
28047001401,28047,Harrison,Gulf Coast,False,1146,27.43,13.45,6.65,45.75,44.1,6.5,9.7,45.8,26.5,1,0.4575
28045030501,28045,Hancock,Gulf Coast,False,2189,24.85,16.75,7.35,30.46,36.6,27.1,12.0,30.5,26.6,1,0.3046
28035010101,28035,Forrest,Pine Belt,False,6863,23.45,18.1,7.55,25.75,32.5,35.5,12.7,25.8,26.6,1,0.2575
28035010103,28035,Forrest,Pine Belt,False,2467,25.95,19.2,8.75,8.28,39.8,42.4,16.6,8.3,26.8,1,0.0828
28047003513,28047,Harrison,Gulf Coast,False,1308,26.13,20.3,8.75,1.15,40.3,49.2,16.6,1.2,26.8,1,0.0115
28059040104,28059,Jackson,Gulf Coast,False,3372,25.8,19.2,8.2,10.8,39.4,42.4,14.8,10.8,26.8,1,0.108
28059040902,28059,Jackson,Gulf Coast,False,4949,26.73,18.6,9.0,10.11,42.1,38.6,17.5,10.1,27.1,1,0.1011
28085950301,28085,Lincoln,Other,False,3133,26.7,17.5,8.55,18.74,42.0,31.8,16.0,18.7,27.1,1,0.1874
28101050100,28101,Newton,Other,False,3114,25.65,17.95,8.2,20.69,38.9,34.6,14.8,20.7,27.3,1,0.2069
28059040206,28059,Jackson,Gulf Coast,False,5316,26.5,18.85,7.6,15.63,41.4,40.2,12.9,15.6,27.5,1,0.1563
28047003507,28047,Harrison,Gulf Coast,False,3417,24.65,19.15,8.6,16.21,36.0,42.1,16.1,16.2,27.6,1,0.1621
28047003403,28047,Harrison,Gulf Coast,False,3055,24.7,18.9,7.85,20.11,36.2,40.5,13.7,20.1,27.6,1,0.2011
28047003407,28047,Harrison,Gulf Coast,False,4421,25.75,19.3,9.05,10.92,39.2,43.0,17.6,10.9,27.7,1,0.1092
28075001102,28075,Lauderdale,Other,False,4453,26.33,15.45,8.45,35.29,40.9,19.0,15.7,35.3,27.7,1,0.3529
28073020102,28073,Lamar,Pine Belt,False,7077,25.55,19.35,8.5,13.1,38.7,43.3,15.8,13.1,27.7,1,0.131
28121020301,28121,Rankin,Jackson Metro,False,3171,25.4,18.65,9.05,16.32,38.2,38.9,17.6,16.3,27.8,1,0.1632
28109950506,28109,Pearl River,Other,False,4651,26.55,16.9,7.65,28.62,41.6,28.0,13.0,28.6,27.8,1,0.2862
28035010602,28035,Forrest,Pine Belt,False,4673,24.3,18.5,7.25,26.67,35.0,38.0,11.7,26.7,27.8,1,0.2667
28059040208,28059,Jackson,Gulf Coast,False,2594,26.2,18.85,8.35,15.4,40.6,40.2,15.3,15.4,27.9,1,0.154
28075010501,28075,Lauderdale,Other,False,2630,25.95,19.35,8.9,11.72,39.8,43.3,17.1,11.7,28.0,1,0.1172
28083950600,28083,Leflore,Delta,True,5638,25.6,16.45,8.5,32.18,38.8,25.2,15.8,32.2,28.0,1,0.3218
28071950504,28071,Lafayette,Other,False,2831,22.93,19.45,10.35,16.44,31.0,43.9,21.9,16.4,28.3,1,0.1644
28109950406,28109,Pearl River,Other,False,2364,24.68,19.9,8.65,14.37,36.1,46.7,16.3,14.4,28.4,1,0.1437
28057950500,28057,Itawamba,Other,False,3697,28.68,19.15,9.95,3.1,47.8,42.1,20.6,3.1,28.4,1,0.031
28105950601,28105,Oktibbeha,Other,False,5472,17.35,20.4,9.3,30.57,14.7,49.8,18.5,30.6,28.4,2,0.3057
28033071121,28033,DeSoto,Delta,True,4911,23.88,18.95,9.05,21.61,33.8,40.8,17.6,21.6,28.5,2,0.2161
28081950101,28081,Lee,Other,False,4838,25.48,19.8,9.1,11.49,38.4,46.1,17.8,11.5,28.5,2,0.1149
28049011104,28049,Hinds,Jackson Metro,False,5673,27.5,16.3,9.85,24.94,44.3,24.3,20.3,24.9,28.5,2,0.2494
28105950102,28105,Oktibbeha,Other,False,3622,21.03,19.5,10.45,22.07,25.5,44.2,22.2,22.1,28.5,2,0.2207
28059040500,28059,Jackson,Gulf Coast,False,3568,26.83,15.5,6.1,44.94,42.4,19.3,7.9,44.9,28.6,2,0.4494
28087000901,28087,Lowndes,Other,False,2169,25.2,16.5,9.6,32.07,37.6,25.5,19.4,32.1,28.7,2,0.3207
28057950400,28057,Itawamba,Other,False,4419,27.78,18.45,8.75,15.29,45.1,37.7,16.6,15.3,28.7,2,0.1529
28071950100,28071,Lafayette,Other,False,4908,28.18,17.6,10.5,13.68,46.3,32.4,22.4,13.7,28.7,2,0.1368
28011950601,28011,Bolivar,Delta,True,2129,23.3,18.8,8.75,26.44,32.1,39.9,16.6,26.4,28.8,2,0.2644
28067950802,28067,Jones,Pine Belt,False,1774,29.08,19.55,9.45,2.64,48.9,44.5,18.9,2.6,28.8,2,0.0264
28127950402,28127,Simpson,Other,False,1594,29.4,17.85,10.6,8.62,49.9,34.0,22.7,8.6,28.8,2,0.0862
28117950201,28117,Prentiss,Other,False,3662,27.48,18.6,8.25,18.39,44.3,38.6,15.0,18.4,29.1,2,0.1839
28109950404,28109,Pearl River,Other,False,2992,27.55,18.45,8.75,17.59,44.5,37.7,16.6,17.6,29.1,2,0.1759
28041950101,28041,Greene,Other,False,2173,26.55,19.85,8.35,13.22,41.6,46.4,15.3,13.2,29.1,2,0.1322
28081951102,28081,Lee,Other,False,3794,27.4,18.3,8.95,19.2,44.1,36.8,17.3,19.2,29.3,2,0.192
28049011103,28049,Hinds,Jackson Metro,False,6048,26.5,16.45,9.35,32.41,41.4,25.2,18.6,32.4,29.4,2,0.3241
28067950901,28067,Jones,Pine Belt,False,3785,28.4,18.5,9.25,14.6,47.0,38.0,18.3,14.6,29.5,2,0.146
28059040402,28059,Jackson,Gulf Coast,False,3976,24.5,16.25,6.5,49.2,35.6,24.0,9.2,49.2,29.5,2,0.492
28155950100,28155,Webster,Other,False,4613,25.6,18.4,8.5,26.9,38.8,37.4,15.8,26.9,29.7,2,0.269
28047003002,28047,Harrison,Gulf Coast,False,1984,26.55,18.75,8.6,21.72,41.6,39.6,16.1,21.7,29.8,2,0.2172
28085950202,28085,Lincoln,Other,False,2504,29.4,19.15,10.6,4.37,49.9,42.1,22.7,4.4,29.8,2,0.0437
28047003311,28047,Harrison,Gulf Coast,False,2832,23.1,18.75,8.85,31.15,31.5,39.6,17.0,31.2,29.8,2,0.3115
28067950202,28067,Jones,Pine Belt,False,2039,30.75,17.3,10.65,12.18,53.8,30.5,22.9,12.2,29.9,2,0.1218
28001000102,28001,Adams,Other,False,2350,30.53,17.15,10.4,14.94,53.2,29.6,22.1,14.9,29.9,2,0.1494
28059041400,28059,Jackson,Gulf Coast,False,2697,31.63,15.4,9.1,27.59,56.4,18.7,17.8,27.6,30.1,2,0.2759
28019950100,28019,Choctaw,Other,False,2318,29.13,17.85,8.9,20.46,49.1,34.0,17.1,20.5,30.2,2,0.2046
28067951101,28067,Jones,Pine Belt,False,2611,26.53,18.1,9.1,25.86,41.5,35.5,17.8,25.9,30.2,2,0.2586
28047003104,28047,Harrison,Gulf Coast,False,3116,27.8,18.15,8.6,23.56,45.2,35.8,16.1,23.6,30.2,2,0.2356
28045030606,28045,Hancock,Gulf Coast,False,1811,27.93,18.85,8.95,17.82,45.6,40.2,17.3,17.8,30.2,2,0.1782
28001000900,28001,Adams,Other,False,3795,26.0,16.05,8.3,43.33,40.0,22.7,15.2,43.3,30.3,2,0.4333
28127950101,28127,Simpson,Other,False,1784,28.43,18.1,9.4,20.0,47.0,35.5,18.8,20.0,30.3,2,0.2
28061950301,28061,Jasper,Other,False,1553,28.13,17.9,10.0,20.23,46.2,34.3,20.8,20.2,30.4,2,0.2023
28047003310,28047,Harrison,Gulf Coast,False,1310,25.8,19.95,10.4,13.45,39.4,47.0,22.1,13.5,30.5,2,0.1345
28049010304,28049,Hinds,Jackson Metro,False,6842,26.23,15.9,8.35,44.71,40.6,21.8,15.3,44.7,30.6,2,0.4471
28033070222,28033,DeSoto,Delta,True,4174,24.35,18.4,9.05,32.3,35.2,37.4,17.6,32.3,30.6,2,0.323
28109950202,28109,Pearl River,Other,False,2576,30.9,18.95,10.45,5.17,54.3,40.8,22.2,5.2,30.6,2,0.0517
28067950902,28067,Jones,Pine Belt,False,4637,27.6,18.85,9.25,19.43,44.6,40.2,18.3,19.4,30.6,2,0.1943
28049001300,28049,Hinds,Jackson Metro,False,3800,24.3,18.1,8.7,35.98,35.0,35.5,16.5,36.0,30.7,2,0.3598
28121020304,28121,Rankin,Jackson Metro,False,2597,23.6,19.85,9.9,23.22,33.0,46.4,20.4,23.2,30.8,2,0.2322
28087000403,28087,Lowndes,Other,False,5220,28.23,16.75,9.75,29.54,46.5,27.1,19.9,29.5,30.8,2,0.2954
28079040100,28079,Leake,Other,False,2618,28.75,18.3,9.75,18.51,48.0,36.8,19.9,18.5,30.8,2,0.1851
28105950201,28105,Oktibbeha,Other,False,3611,22.08,20.5,10.8,20.92,28.5,50.5,23.4,20.9,30.8,2,0.2092
28049010400,28049,Hinds,Jackson Metro,False,4275,19.73,19.95,8.75,38.16,21.7,47.0,16.6,38.2,30.9,2,0.3816
28029950200,28029,Copiah,Other,False,4501,28.78,17.45,10.4,22.3,48.1,31.5,22.1,22.3,31.0,2,0.223
28117950302,28117,Prentiss,Other,False,3383,25.38,18.25,8.15,34.83,38.1,36.4,14.7,34.8,31.0,2,0.3483
28045030301,28045,Hancock,Gulf Coast,False,1908,27.6,17.7,8.5,30.8,44.6,33.0,15.8,30.8,31.1,2,0.308
28091950100,28091,Marion,Other,False,5212,30.48,18.35,9.85,14.25,53.0,37.1,20.3,14.3,31.2,2,0.1425
28039950303,28039,George,Other,False,3057,25.2,18.7,8.35,32.64,37.6,39.3,15.3,32.6,31.2,2,0.3264
28049010501,28049,Hinds,Jackson Metro,False,4325,26.7,15.25,8.05,50.92,42.0,17.8,14.3,50.9,31.3,2,0.5092
28109950503,28109,Pearl River,Other,False,4377,26.53,19.35,9.3,21.95,41.5,43.3,18.5,22.0,31.3,2,0.2195
28107950601,28107,Panola,Delta,True,4068,28.2,18.0,9.95,23.79,46.4,34.9,20.6,23.8,31.4,2,0.2379
28095950300,28095,Monroe,Other,False,3360,27.28,18.95,8.8,24.37,43.7,40.8,16.8,24.4,31.4,2,0.2437
28149951101,28149,Warren,Delta,True,5108,29.28,17.5,9.75,24.6,49.5,31.8,19.9,24.6,31.5,2,0.246
28073020502,28073,Lamar,Pine Belt,False,3258,26.13,20.6,9.7,14.71,40.3,51.1,19.8,14.7,31.5,2,0.1471
28059040702,28059,Jackson,Gulf Coast,False,6398,26.0,16.8,7.2,47.13,40.0,27.4,11.5,47.1,31.5,2,0.4713
28049010102,28049,Hinds,Jackson Metro,False,4604,28.65,16.85,11.4,25.4,47.7,27.7,25.4,25.4,31.5,2,0.254
28087000104,28087,Lowndes,Other,False,1725,27.95,19.4,10.25,15.98,45.7,43.6,21.6,16.0,31.7,2,0.1598
28067950602,28067,Jones,Pine Belt,False,1785,27.48,16.85,13.85,21.49,44.3,27.7,33.4,21.5,31.7,2,0.2149
28121020104,28121,Rankin,Jackson Metro,False,4624,27.65,18.85,9.5,22.99,44.8,40.2,19.1,23.0,31.8,2,0.2299
28047002701,28047,Harrison,Gulf Coast,False,2848,23.93,19.05,7.75,38.97,33.9,41.4,13.3,39.0,31.9,2,0.3897
28049010104,28049,Hinds,Jackson Metro,False,1930,25.58,14.55,7.85,61.95,38.7,13.4,13.7,62.0,31.9,2,0.6195
28137950202,28137,Tate,Delta,True,3024,26.05,17.75,9.0,37.01,40.1,33.3,17.5,37.0,32.0,2,0.3701
28135950100,28135,Tallahatchie,Delta,True,3750,29.68,17.65,9.85,24.48,50.7,32.7,20.3,24.5,32.0,2,0.2448
28095950501,28095,Monroe,Other,False,3022,28.23,18.35,9.0,27.36,46.5,37.1,17.5,27.4,32.1,2,0.2736
28121021005,28121,Rankin,Jackson Metro,False,2151,26.93,17.75,9.4,33.79,42.7,33.3,18.8,33.8,32.1,2,0.3379
28163950601,28163,Yazoo,Delta,True,2384,29.75,17.6,9.25,27.24,50.9,32.4,18.3,27.2,32.2,2,0.2724
28071950502,28071,Lafayette,Other,False,2973,27.55,18.55,9.8,26.32,44.5,38.3,20.1,26.3,32.3,2,0.2632
28045030604,28045,Hancock,Gulf Coast,False,5012,28.23,19.65,10.0,16.9,46.5,45.2,20.8,16.9,32.3,2,0.169
28133950401,28133,Sunflower,Delta,True,3646,28.53,16.35,10.0,36.67,47.3,24.6,20.8,36.7,32.3,2,0.3667
28057950201,28057,Itawamba,Other,False,2580,27.9,19.9,9.8,17.13,45.5,46.7,20.1,17.1,32.4,2,0.1713
28073020402,28073,Lamar,Pine Belt,False,4807,25.3,19.75,8.7,29.43,37.9,45.8,16.5,29.4,32.4,2,0.2943
28123020301,28123,Scott,Other,False,2495,26.53,19.2,9.65,26.78,41.5,42.4,19.6,26.8,32.6,2,0.2678
28081950301,28081,Lee,Other,False,4997,25.8,19.1,8.85,32.53,39.4,41.7,17.0,32.5,32.7,2,0.3253
28035000700,28035,Forrest,Pine Belt,False,3079,25.23,17.8,9.2,41.26,37.7,33.6,18.1,41.3,32.7,2,0.4126
28109950505,28109,Pearl River,Other,False,4269,26.2,18.8,8.95,33.1,40.6,39.9,17.3,33.1,32.7,2,0.331
28049010809,28049,Hinds,Jackson Metro,False,2236,31.88,15.5,10.2,32.99,57.1,19.3,21.4,33.0,32.7,2,0.3299
28075010301,28075,Lauderdale,Other,False,6352,29.53,18.85,10.55,18.16,50.3,40.2,22.6,18.2,32.8,2,0.1816
28087000102,28087,Lowndes,Other,False,2037,28.4,19.6,11.5,14.14,47.0,44.9,25.7,14.1,32.9,2,0.1414
28033070102,28033,DeSoto,Delta,True,4070,25.85,18.65,9.8,33.33,39.5,38.9,20.1,33.3,33.0,2,0.3333
28047003514,28047,Harrison,Gulf Coast,False,6099,26.03,20.8,10.3,18.05,40.0,52.3,21.7,18.1,33.0,2,0.1805
28043950102,28043,Grenada,Other,False,3990,30.35,18.05,10.25,22.76,52.7,35.2,21.6,22.8,33.1,2,0.2276
28033070523,28033,DeSoto,Delta,True,7955,27.93,18.55,11.25,23.68,45.6,38.3,24.9,23.7,33.1,2,0.2368
28061950102,28061,Jasper,Other,False,1487,34.5,17.3,12.2,9.77,64.8,30.5,28.0,9.8,33.3,2,0.0977
28115950200,28115,Pontotoc,Other,False,5415,27.83,19.8,10.65,18.97,45.3,46.1,22.9,19.0,33.3,2,0.1897
28049010808,28049,Hinds,Jackson Metro,False,4633,31.25,15.6,10.65,35.17,55.3,19.9,22.9,35.2,33.3,2,0.3517
28121020805,28121,Rankin,Jackson Metro,False,2157,29.18,19.9,12.1,10.46,49.2,46.7,27.7,10.5,33.5,2,0.1046
28033071200,28033,DeSoto,Delta,True,3122,26.63,18.85,8.65,36.09,41.8,40.2,16.3,36.1,33.6,2,0.3609
28081951101,28081,Lee,Other,False,2650,28.83,17.45,9.55,36.21,48.2,31.5,19.3,36.2,33.8,2,0.3621
28023950100,28023,Clarke,Other,False,4406,29.28,18.55,9.55,28.39,49.5,38.3,19.3,28.4,33.9,2,0.2839
28067950301,28067,Jones,Pine Belt,False,4720,29.03,18.05,9.45,32.76,48.8,35.2,18.9,32.8,33.9,2,0.3276
28035010201,28035,Forrest,Pine Belt,False,3516,25.5,18.7,10.25,36.55,38.5,39.3,21.6,36.6,34.0,2,0.3655
28109950101,28109,Pearl River,Other,False,3176,27.95,19.65,9.8,25.63,45.7,45.2,20.1,25.6,34.1,2,0.2563
28037950102,28037,Franklin,Other,False,2711,30.68,18.15,9.85,27.01,53.6,35.8,20.3,27.0,34.2,2,0.2701
28093950101,28093,Marshall,Other,False,2402,28.3,18.0,10.35,33.45,46.7,34.9,21.9,33.5,34.2,2,0.3345
28161950302,28161,Yalobusha,Other,False,2490,31.3,18.35,10.55,22.18,55.4,37.1,22.6,22.2,34.3,2,0.2218
28073020304,28073,Lamar,Pine Belt,False,4486,25.4,18.6,9.45,41.61,38.2,38.6,18.9,41.6,34.4,2,0.4161
28071950402,28071,Lafayette,Other,False,3732,30.75,17.6,11.35,26.09,53.8,32.4,25.2,26.1,34.4,2,0.2609
28045030605,28045,Hancock,Gulf Coast,False,4542,27.53,20.1,10.5,23.33,44.4,48.0,22.4,23.3,34.5,2,0.2333
28047003105,28047,Harrison,Gulf Coast,False,4146,26.1,18.55,8.4,44.25,40.3,38.3,15.5,44.3,34.6,2,0.4425
28151000800,28151,Washington,Delta,True,3858,29.28,15.9,10.1,45.98,49.5,21.8,21.1,46.0,34.6,2,0.4598
28057950202,28057,Itawamba,Other,False,3731,25.78,19.4,8.9,38.39,39.3,43.6,17.1,38.4,34.6,2,0.3839
28075010205,28075,Lauderdale,Other,False,5538,27.3,16.65,8.85,51.72,43.8,26.5,17.0,51.7,34.7,2,0.5172
28081950204,28081,Lee,Other,False,5564,27.48,19.1,9.25,34.71,44.3,41.7,18.3,34.7,34.8,2,0.3471
28121021003,28121,Rankin,Jackson Metro,False,5757,28.68,18.75,9.5,32.87,47.8,39.6,19.1,32.9,34.8,2,0.3287
28097950100,28097,Montgomery,Other,False,2749,32.38,17.2,10.7,27.82,58.6,29.9,23.1,27.8,34.8,2,0.2782
28047003307,28047,Harrison,Gulf Coast,False,526,25.43,18.85,8.95,43.68,38.3,40.2,17.3,43.7,34.9,2,0.4368
28147950301,28147,Walthall,Other,False,3352,30.05,17.0,10.0,38.28,51.8,28.7,20.8,38.3,34.9,2,0.3828
28057950300,28057,Itawamba,Other,False,3787,21.85,20.25,9.45,43.79,27.9,48.9,18.9,43.8,34.9,2,0.4379
28089030302,28089,Madison,Jackson Metro,False,6788,29.1,16.85,9.25,44.6,49.0,27.7,18.3,44.6,34.9,2,0.446
28057950100,28057,Itawamba,Other,False,5674,28.03,19.55,9.9,29.08,45.9,44.5,20.4,29.1,35.0,2,0.2908
28031950300,28031,Covington,Pine Belt,False,5048,31.03,17.4,11.4,28.85,54.6,31.2,25.4,28.9,35.0,2,0.2885
28109950403,28109,Pearl River,Other,False,3919,29.85,19.5,11.35,19.54,51.2,44.2,25.2,19.5,35.0,2,0.1954
28115950101,28115,Pontotoc,Other,False,3399,28.65,18.3,10.3,34.02,47.7,36.8,21.7,34.0,35.1,2,0.3402
28105950701,28105,Oktibbeha,Other,False,3723,28.6,16.25,10.15,47.47,47.6,24.0,21.3,47.5,35.1,2,0.4747
28073020306,28073,Lamar,Pine Belt,False,3448,23.63,20.7,11.2,30.92,33.0,51.7,24.7,30.9,35.1,2,0.3092
28105950500,28105,Oktibbeha,Other,False,4204,24.08,19.25,11.25,38.62,34.4,42.7,24.9,38.6,35.1,2,0.3862
28107950302,28107,Panola,Delta,True,1791,29.98,18.15,11.0,29.2,51.6,35.8,24.1,29.2,35.2,2,0.292
28121020901,28121,Rankin,Jackson Metro,False,3052,27.48,17.65,8.65,47.36,44.3,32.7,16.3,47.4,35.2,2,0.4736
28105950603,28105,Oktibbeha,Other,False,2998,25.55,16.85,9.8,54.25,38.7,27.7,20.1,54.3,35.2,2,0.5425
28067950302,28067,Jones,Pine Belt,False,3484,29.58,18.9,9.85,29.66,50.4,40.5,20.3,29.7,35.2,2,0.2966
28007060400,28007,Attala,Other,False,2585,28.1,16.9,9.2,48.85,46.1,28.0,18.1,48.9,35.3,2,0.4885
28093950302,28093,Marshall,Other,False,3875,31.73,18.6,12.35,17.47,56.7,38.6,28.5,17.5,35.3,2,0.1747
28123020302,28123,Scott,Other,False,2282,26.35,19.0,10.0,38.85,41.0,41.1,20.8,38.9,35.4,2,0.3885
28127950301,28127,Simpson,Other,False,2416,30.03,18.45,10.85,28.97,51.7,37.7,23.6,29.0,35.5,2,0.2897
28131020205,28131,Stone,Other,False,4006,24.83,19.05,9.9,43.56,36.5,41.4,20.4,43.6,35.5,2,0.4356
28081950601,28081,Lee,Other,False,4661,25.33,18.3,8.8,50.46,38.0,36.8,16.8,50.5,35.5,2,0.5046
28127950302,28127,Simpson,Other,False,3100,27.2,19.25,9.4,37.13,43.5,42.7,18.8,37.1,35.5,2,0.3713
28013950100,28013,Calhoun,Other,False,3526,29.83,18.75,10.3,29.77,51.1,39.6,21.7,29.8,35.6,2,0.2977
28105950101,28105,Oktibbeha,Other,False,5724,21.08,19.95,11.2,45.29,25.6,47.0,24.7,45.3,35.7,2,0.4529
28023950201,28023,Clarke,Other,False,4058,28.03,19.3,9.95,33.22,45.9,43.0,20.6,33.2,35.7,2,0.3322
28149950600,28149,Warren,Delta,True,5282,28.85,16.15,9.4,52.64,48.3,23.4,18.8,52.6,35.8,2,0.5264
28121020602,28121,Rankin,Jackson Metro,False,6504,26.75,17.2,9.9,50.8,42.2,29.9,20.4,50.8,35.8,2,0.508
28075010602,28075,Lauderdale,Other,False,3405,29.95,19.1,10.9,26.55,51.5,41.7,23.7,26.6,35.9,2,0.2655
28097950200,28097,Montgomery,Other,False,2431,28.9,16.45,8.9,52.87,48.4,25.2,17.1,52.9,35.9,2,0.5287
28101050400,28101,Newton,Other,False,4633,31.03,19.0,11.85,21.15,54.6,41.1,26.9,21.2,35.9,2,0.2115
28059041302,28059,Jackson,Gulf Coast,False,1213,32.45,20.15,13.1,5.86,58.8,48.3,31.0,5.9,36.0,2,0.0586
28073020308,28073,Lamar,Pine Belt,False,2297,24.75,19.5,10.8,40.11,36.3,44.2,23.4,40.1,36.0,2,0.4011
28075010502,28075,Lauderdale,Other,False,2968,28.2,18.4,9.35,41.72,46.4,37.4,18.6,41.7,36.0,2,0.4172
28047001301,28047,Harrison,Gulf Coast,False,1338,29.8,18.15,12.35,28.74,51.1,35.8,28.5,28.7,36.0,2,0.2874
28031950402,28031,Covington,Pine Belt,False,3613,28.08,19.45,9.75,34.37,46.0,43.9,19.9,34.4,36.1,2,0.3437
28105950402,28105,Oktibbeha,Other,False,2514,26.4,18.0,11.4,42.87,41.1,34.9,25.4,42.9,36.1,2,0.4287
28025950500,28025,Clay,Other,False,4120,31.05,16.45,10.4,42.41,54.7,25.2,22.1,42.4,36.1,2,0.4241
28147950302,28147,Walthall,Other,False,2294,32.0,18.95,12.45,17.36,57.5,40.8,28.8,17.4,36.1,2,0.1736
28129950302,28129,Smith,Other,False,1341,29.15,18.9,9.9,34.48,49.2,40.5,20.4,34.5,36.1,2,0.3448
28033070610,28033,DeSoto,Delta,True,2691,26.65,20.65,12.05,24.14,41.9,51.4,27.5,24.1,36.2,2,0.2414
28149950700,28149,Warren,Delta,True,2343,30.5,16.05,10.9,45.4,53.1,22.7,23.7,45.4,36.2,2,0.454
28025950100,28025,Clay,Other,False,4792,33.3,17.85,12.8,19.89,61.3,34.0,30.0,19.9,36.3,2,0.1989
28059040105,28059,Jackson,Gulf Coast,False,4632,28.65,19.3,8.95,37.47,47.7,43.0,17.3,37.5,36.4,2,0.3747
28003950402,28003,Alcorn,Other,False,1737,27.83,19.3,8.5,41.38,45.3,43.0,15.8,41.4,36.4,2,0.4138
28109950102,28109,Pearl River,Other,False,2271,28.93,19.25,10.0,33.56,48.5,42.7,20.8,33.6,36.4,2,0.3356
28117950101,28117,Prentiss,Other,False,3260,27.68,19.45,9.05,39.31,44.9,43.9,17.6,39.3,36.4,2,0.3931
28035000200,28035,Forrest,Pine Belt,False,2728,26.93,18.8,10.9,39.89,42.7,39.9,23.7,39.9,36.5,2,0.3989
28105950702,28105,Oktibbeha,Other,False,3726,28.68,17.45,10.1,46.21,47.8,31.5,21.1,46.2,36.6,2,0.4621
28035000800,28035,Forrest,Pine Belt,False,6354,25.13,16.7,8.35,67.01,37.4,26.8,15.3,67.0,36.6,2,0.6701
28003950100,28003,Alcorn,Other,False,5244,27.65,19.15,8.5,44.14,44.8,42.1,15.8,44.1,36.7,2,0.4414
28047000600,28047,Harrison,Gulf Coast,False,1537,25.93,17.35,8.4,60.8,39.8,30.8,15.5,60.8,36.7,2,0.608
28029950600,28029,Copiah,Other,False,2908,32.38,18.15,12.2,24.83,58.6,35.8,28.0,24.8,36.8,2,0.2483
28121020217,28121,Rankin,Jackson Metro,False,3464,25.63,18.7,10.6,46.78,38.9,39.3,22.7,46.8,36.9,2,0.4678
28035010300,28035,Forrest,Pine Belt,False,3571,26.08,19.95,10.65,37.59,40.2,47.0,22.9,37.6,36.9,2,0.3759
28003950401,28003,Alcorn,Other,False,2808,28.53,20.4,9.75,30.69,47.3,49.8,19.9,30.7,37.0,2,0.3069
28139950401,28139,Tippah,Other,False,5053,28.08,18.95,9.45,42.07,46.0,40.8,18.9,42.1,37.0,2,0.4207
28049010700,28049,Hinds,Jackson Metro,False,6752,25.13,17.6,9.6,58.62,37.4,32.4,19.4,58.6,37.0,2,0.5862
28049011204,28049,Hinds,Jackson Metro,False,4429,31.43,16.85,10.9,40.8,55.8,27.7,23.7,40.8,37.0,2,0.408
28047003510,28047,Harrison,Gulf Coast,False,4237,27.85,20.15,10.0,34.25,45.4,48.3,20.8,34.3,37.2,2,0.3425
28149950902,28149,Warren,Delta,True,3324,27.1,17.1,8.35,61.03,43.2,29.3,15.3,61.0,37.2,2,0.6103
28099010102,28099,Neshoba,Other,False,2719,27.7,19.3,10.3,39.2,44.9,43.0,21.7,39.2,37.2,2,0.392
28117950400,28117,Prentiss,Other,False,4533,30.53,20.3,11.0,22.53,53.2,49.2,24.1,22.5,37.2,2,0.2253
28047002500,28047,Harrison,Gulf Coast,False,1646,17.8,21.75,13.05,43.91,16.0,58.3,30.8,43.9,37.3,2,0.4391
28121020703,28121,Rankin,Jackson Metro,False,2149,28.78,17.65,8.9,51.15,48.1,32.7,17.1,51.2,37.3,2,0.5115
28089030112,28089,Madison,Jackson Metro,False,2775,24.45,17.6,10.7,58.16,35.4,32.4,23.1,58.2,37.3,2,0.5816
28041950201,28041,Greene,Other,False,2463,27.83,19.2,9.5,42.3,45.3,42.4,19.1,42.3,37.3,2,0.423
28145950100,28145,Union,Other,False,4047,29.23,19.4,10.1,35.52,49.4,43.6,21.1,35.5,37.4,2,0.3552
28033070812,28033,DeSoto,Delta,True,5894,25.63,19.1,10.8,45.63,38.9,41.7,23.4,45.6,37.4,2,0.4563
28089030105,28089,Madison,Jackson Metro,False,3505,23.68,17.35,10.4,63.91,33.2,30.8,22.1,63.9,37.5,3,0.6391
28049010600,28049,Hinds,Jackson Metro,False,4456,32.58,16.35,11.4,40.92,59.2,24.6,25.4,40.9,37.5,3,0.4092
28033070310,28033,DeSoto,Delta,True,3970,25.7,19.5,11.35,41.84,39.1,44.2,25.2,41.8,37.6,3,0.4184
28047003512,28047,Harrison,Gulf Coast,False,2438,26.58,20.7,9.85,36.9,41.6,51.7,20.3,36.9,37.6,3,0.369
28047003001,28047,Harrison,Gulf Coast,False,2311,28.2,17.85,11.35,45.06,46.4,34.0,25.2,45.1,37.7,3,0.4506
28145950600,28145,Union,Other,False,3741,27.65,19.4,9.75,42.64,44.8,43.6,19.9,42.6,37.7,3,0.4264
28075010400,28075,Lauderdale,Other,False,2691,29.93,17.15,13.6,37.82,51.4,29.6,32.6,37.8,37.9,3,0.3782
28071950303,28071,Lafayette,Other,False,2093,23.13,21.0,12.4,37.93,31.6,53.6,28.7,37.9,37.9,3,0.3793
28039950304,28039,George,Other,False,3148,27.33,19.75,10.35,40.23,43.8,45.8,21.9,40.2,37.9,3,0.4023
28059042500,28059,Jackson,Gulf Coast,False,1994,27.73,18.25,8.9,53.22,45.0,36.4,17.1,53.2,38.0,3,0.5322
28061950101,28061,Jasper,Other,False,2754,32.55,17.95,12.3,29.89,59.1,34.6,28.3,29.9,38.0,3,0.2989
28035010202,28035,Forrest,Pine Belt,False,3027,27.93,17.2,10.1,55.4,45.6,29.9,21.1,55.4,38.0,3,0.554
28047003210,28047,Harrison,Gulf Coast,False,1744,28.88,18.7,12.2,36.44,48.4,39.3,28.0,36.4,38.0,3,0.3644
28067950101,28067,Jones,Pine Belt,False,4210,31.33,18.05,11.6,35.4,55.5,35.2,26.0,35.4,38.0,3,0.354
28081950501,28081,Lee,Other,False,2231,28.58,17.3,9.9,54.14,47.5,30.5,20.4,54.1,38.1,3,0.5414
28065950101,28065,Jefferson Davis,Other,False,1421,32.95,16.1,11.85,42.53,60.2,23.1,26.9,42.5,38.2,3,0.4253
28059040203,28059,Jackson,Gulf Coast,False,5654,26.8,18.4,8.25,58.05,42.3,37.4,15.0,58.1,38.2,3,0.5805
28073020501,28073,Lamar,Pine Belt,False,4407,28.95,21.1,10.35,28.16,48.6,54.2,21.9,28.2,38.2,3,0.2816
28105950202,28105,Oktibbeha,Other,False,4708,32.33,18.3,12.9,27.47,58.4,36.8,30.3,27.5,38.2,3,0.2747
28047003213,28047,Harrison,Gulf Coast,False,3673,25.85,18.8,9.55,54.71,39.5,39.9,19.3,54.7,38.3,3,0.5471
28155950200,28155,Webster,Other,False,3667,29.6,17.85,9.6,49.89,50.5,34.0,19.4,49.9,38.4,3,0.4989
28115950400,28115,Pontotoc,Other,False,5535,27.75,19.3,10.2,44.37,45.1,43.0,21.4,44.4,38.5,3,0.4437
28085950100,28085,Lincoln,Other,False,4081,31.63,18.5,12.15,31.95,56.4,38.0,27.8,32.0,38.5,3,0.3195
28069030200,28069,Kemper,Other,False,4039,31.75,16.6,11.25,46.44,56.7,26.2,24.9,46.4,38.6,3,0.4644
28073020101,28073,Lamar,Pine Belt,False,2833,28.05,21.45,10.35,30.11,46.0,56.4,21.9,30.1,38.6,3,0.3011
28115950500,28115,Pontotoc,Other,False,4796,29.28,20.35,11.3,30.34,49.5,49.5,25.0,30.3,38.6,3,0.3034
28095950502,28095,Monroe,Other,False,4193,32.15,20.0,11.3,24.25,57.9,47.4,25.0,24.3,38.6,3,0.2425
28127950403,28127,Simpson,Other,False,3685,28.55,18.45,10.65,46.9,47.4,37.7,22.9,46.9,38.7,3,0.469
28063950103,28063,Jefferson,Other,False,1856,36.8,16.95,14.25,20.34,71.5,28.3,34.8,20.3,38.7,3,0.2034
28049010202,28049,Hinds,Jackson Metro,False,4975,32.78,14.1,10.3,62.99,59.7,10.6,21.7,63.0,38.8,3,0.6299
28017950402,28017,Chickasaw,Other,False,2954,28.0,17.65,10.05,55.63,45.8,32.7,20.9,55.6,38.8,3,0.5563
28033070522,28033,DeSoto,Delta,True,4975,26.7,18.8,9.8,53.1,42.0,39.9,20.1,53.1,38.8,3,0.531
28033070210,28033,DeSoto,Delta,True,6885,26.35,18.0,10.4,57.7,41.0,34.9,22.1,57.7,38.9,3,0.577
28153950301,28153,Wayne,Other,False,1445,32.93,18.95,12.75,25.17,60.2,40.8,29.8,25.2,39.0,3,0.2517
28037950200,28037,Franklin,Other,False,2719,32.53,17.45,12.1,38.51,59.0,31.5,27.7,38.5,39.2,3,0.3851
28075010303,28075,Lauderdale,Other,False,3843,28.93,18.0,10.0,52.53,48.5,34.9,20.8,52.5,39.2,3,0.5253
28089030900,28089,Madison,Jackson Metro,False,6636,32.98,16.95,12.25,40.0,60.3,28.3,28.2,40.0,39.2,3,0.4
28111950102,28111,Perry,Pine Belt,False,3672,31.8,19.65,10.75,31.72,56.9,45.2,23.2,31.7,39.3,3,0.3172
28107950400,28107,Panola,Delta,True,5208,29.88,19.2,10.9,39.66,51.3,42.4,23.7,39.7,39.3,3,0.3966
28129950201,28129,Smith,Other,False,3342,29.98,19.75,9.8,39.77,51.6,45.8,20.1,39.8,39.3,3,0.3977
28033070322,28033,DeSoto,Delta,True,4056,28.85,19.35,11.9,38.74,48.3,43.3,27.0,38.7,39.3,3,0.3874
28109950201,28109,Pearl River,Other,False,2835,28.08,18.35,9.05,56.67,46.0,37.1,17.6,56.7,39.3,3,0.5667
28109950300,28109,Pearl River,Other,False,3228,23.33,20.2,10.25,55.06,32.2,48.6,21.6,55.1,39.4,3,0.5506
28043950201,28043,Grenada,Other,False,1740,32.78,19.0,10.6,33.91,59.7,41.1,22.7,33.9,39.4,3,0.3391
28033070521,28033,DeSoto,Delta,True,2985,25.08,19.1,10.7,55.52,37.3,41.7,23.1,55.5,39.4,3,0.5552
28033070421,28033,DeSoto,Delta,True,3291,28.53,19.8,12.65,35.06,47.3,46.1,29.5,35.1,39.5,3,0.3506
28047001302,28047,Harrison,Gulf Coast,False,1806,23.05,18.35,8.05,75.29,31.4,37.1,14.3,75.3,39.5,3,0.7529
28047003305,28047,Harrison,Gulf Coast,False,1992,27.28,20.0,11.75,40.57,43.7,47.4,26.5,40.6,39.5,3,0.4057
28001000700,28001,Adams,Other,False,1376,30.18,15.5,9.55,67.82,52.2,19.3,19.3,67.8,39.6,3,0.6782
28085950302,28085,Lincoln,Other,False,4158,28.25,20.5,10.95,38.05,46.5,50.5,23.9,38.1,39.7,3,0.3805
28049010305,28049,Hinds,Jackson Metro,False,3843,26.93,17.6,10.25,62.3,42.7,32.4,21.6,62.3,39.7,3,0.623
28015950100,28015,Carroll,Delta,True,4660,30.93,18.55,11.4,41.03,54.3,38.3,25.4,41.0,39.8,3,0.4103
28127950401,28127,Simpson,Other,False,2134,31.75,18.75,12.3,34.6,56.7,39.6,28.3,34.6,39.8,3,0.346
28109950405,28109,Pearl River,Other,False,4530,27.65,19.35,10.1,50.23,44.8,43.3,21.1,50.2,39.9,3,0.5023
28009950101,28009,Benton,Other,False,2932,33.63,17.9,13.45,31.26,62.2,34.3,32.1,31.3,40.0,3,0.3126
28075010206,28075,Lauderdale,Other,False,1776,23.2,18.9,9.9,67.24,31.8,40.5,20.4,67.2,40.0,3,0.6724
28159950100,28159,Winston,Other,False,3143,29.78,17.35,10.5,55.75,51.0,30.8,22.4,55.8,40.0,3,0.5575
28091950500,28091,Marion,Other,False,4204,30.98,17.35,11.05,50.57,54.5,30.8,24.2,50.6,40.0,3,0.5057
28107950502,28107,Panola,Delta,True,3864,32.05,19.05,12.7,31.49,57.6,41.4,29.7,31.5,40.0,3,0.3149
28121020401,28121,Rankin,Jackson Metro,False,4813,26.1,18.5,10.2,60.69,40.3,38.0,21.4,60.7,40.1,3,0.6069
28049010103,28049,Hinds,Jackson Metro,False,4548,28.13,18.25,12.45,48.97,46.2,36.4,28.8,49.0,40.1,3,0.4897
28059042700,28059,Jackson,Gulf Coast,False,691,35.15,19.95,13.3,15.75,66.7,47.0,31.6,15.8,40.3,3,0.1575
28061950402,28061,Jasper,Other,False,1611,36.23,17.55,14.75,23.1,69.8,32.1,36.4,23.1,40.3,3,0.231
28043950101,28043,Grenada,Other,False,2060,31.5,18.5,11.55,41.95,56.0,38.0,25.9,42.0,40.5,3,0.4195
28093950202,28093,Marshall,Other,False,3813,32.23,18.95,12.45,34.14,58.1,40.8,28.8,34.1,40.5,3,0.3414
28121021001,28121,Rankin,Jackson Metro,False,5654,28.0,19.5,9.8,51.84,45.8,44.2,20.1,51.8,40.5,3,0.5184
28141950101,28141,Tishomingo,Other,False,1674,30.65,19.05,9.4,48.28,53.5,41.4,18.8,48.3,40.5,3,0.4828
28047001207,28047,Harrison,Gulf Coast,False,1776,25.23,19.45,10.8,57.36,37.7,43.9,23.4,57.4,40.6,3,0.5736
28067950401,28067,Jones,Pine Belt,False,4474,28.15,17.6,11.15,59.66,46.2,32.4,24.5,59.7,40.7,3,0.5966
28151000701,28151,Washington,Delta,True,3344,30.0,16.1,11.65,62.18,51.6,23.1,26.2,62.2,40.8,3,0.6218
28143950101,28143,Tunica,Delta,True,1706,34.33,17.0,14.3,35.63,64.3,28.7,34.9,35.6,40.9,3,0.3563
28081950901,28081,Lee,Other,False,2785,28.48,18.45,10.6,55.98,47.2,37.7,22.7,56.0,40.9,3,0.5598
28159950200,28159,Winston,Other,False,3012,32.33,17.65,12.6,43.22,58.4,32.7,29.3,43.2,40.9,3,0.4322
28073020307,28073,Lamar,Pine Belt,False,1322,23.38,22.75,14.35,31.84,32.3,64.5,35.1,31.8,40.9,3,0.3184
28081950902,28081,Lee,Other,False,3543,28.15,17.1,10.8,65.06,46.2,29.3,23.4,65.1,41.0,3,0.6506
28127950102,28127,Simpson,Other,False,3470,30.03,18.35,11.5,49.66,51.7,37.1,25.7,49.7,41.0,3,0.4966
28081950102,28081,Lee,Other,False,3257,29.7,18.75,10.3,52.07,50.8,39.6,21.7,52.1,41.0,3,0.5207
28007060300,28007,Attala,Other,False,3394,31.83,16.9,11.45,53.79,57.0,28.0,25.5,53.8,41.1,3,0.5379
28047002702,28047,Harrison,Gulf Coast,False,2973,25.3,19.5,9.15,64.25,37.9,44.2,18.0,64.3,41.1,3,0.6425
28031950100,28031,Covington,Pine Belt,False,3652,30.55,17.45,11.9,52.99,53.2,31.5,27.0,53.0,41.2,3,0.5299
28049010804,28049,Hinds,Jackson Metro,False,1745,26.05,18.2,12.0,61.61,40.1,36.1,27.3,61.6,41.3,3,0.6161
28047003212,28047,Harrison,Gulf Coast,False,1796,28.7,20.65,12.9,35.75,47.8,51.4,30.3,35.8,41.3,3,0.3575
28071950203,28071,Lafayette,Other,False,3146,22.28,21.45,13.45,47.7,29.1,56.4,32.1,47.7,41.3,3,0.477
28067950102,28067,Jones,Pine Belt,False,1840,31.93,19.8,11.5,36.32,57.3,46.1,25.7,36.3,41.3,3,0.3632
28059041102,28059,Jackson,Gulf Coast,False,3329,29.63,18.2,10.55,56.44,50.5,36.1,22.6,56.4,41.4,3,0.5644
28003950700,28003,Alcorn,Other,False,4026,31.03,20.85,11.25,33.68,54.6,52.6,24.9,33.7,41.5,3,0.3368
28039950101,28039,George,Other,False,6294,26.6,19.7,9.75,58.74,41.7,45.5,19.9,58.7,41.5,3,0.5874
28095950201,28095,Monroe,Other,False,3532,33.53,18.6,12.25,37.24,61.9,38.6,28.2,37.2,41.5,3,0.3724
28047003511,28047,Harrison,Gulf Coast,False,2317,28.05,21.9,11.0,36.78,46.0,59.2,24.1,36.8,41.5,3,0.3678
28081951001,28081,Lee,Other,False,3603,32.5,18.9,11.5,41.15,58.9,40.5,25.7,41.2,41.6,3,0.4115
28007060100,28007,Attala,Other,False,2172,31.95,18.5,11.2,46.32,57.3,38.0,24.7,46.3,41.6,3,0.4632
28045030303,28045,Hancock,Gulf Coast,False,3016,28.23,20.45,11.8,43.45,46.5,50.2,26.7,43.5,41.7,3,0.4345
28151000702,28151,Washington,Delta,True,3187,27.2,16.55,10.8,74.14,43.5,25.9,23.4,74.1,41.7,3,0.7414
28061950302,28061,Jasper,Other,False,3444,30.58,19.1,10.6,49.08,53.3,41.7,22.7,49.1,41.7,3,0.4908
28071950301,28071,Lafayette,Other,False,6487,14.15,26.65,13.5,40.69,5.4,88.8,32.3,40.7,41.8,3,0.4069
28081950302,28081,Lee,Other,False,4245,28.5,19.1,9.55,59.2,47.3,41.7,19.3,59.2,41.9,3,0.592
28113950104,28113,Pike,Other,False,3176,31.5,18.9,11.95,44.02,56.0,40.5,27.2,44.0,41.9,3,0.4402
28025950200,28025,Clay,Other,False,2354,33.8,17.15,12.25,47.24,62.7,29.6,28.2,47.2,41.9,3,0.4724
28067951102,28067,Jones,Pine Belt,False,4539,30.65,19.4,11.1,46.55,53.5,43.6,24.4,46.6,42.0,3,0.4655
28089031000,28089,Madison,Jackson Metro,False,2190,33.48,16.25,12.6,53.45,61.8,24.0,29.3,53.5,42.1,3,0.5345
28083950100,28083,Leflore,Delta,True,709,33.73,17.45,14.25,40.34,62.5,31.5,34.8,40.3,42.3,3,0.4034
28029950102,28029,Copiah,Other,False,3205,31.65,17.6,13.45,48.16,56.5,32.4,32.1,48.2,42.3,3,0.4816
28105950604,28105,Oktibbeha,Other,False,2744,24.23,19.95,12.35,59.08,34.8,47.0,28.5,59.1,42.4,3,0.5908
28043950202,28043,Grenada,Other,False,2980,32.35,18.8,11.8,44.48,58.5,39.9,26.7,44.5,42.4,3,0.4448
28047003107,28047,Harrison,Gulf Coast,False,3008,26.05,19.65,9.55,65.17,40.1,45.2,19.3,65.2,42.4,3,0.6517
28157950201,28157,Wilkinson,Other,False,1295,36.95,17.1,15.0,31.38,71.9,29.3,37.2,31.4,42.5,3,0.3138
28137950301,28137,Tate,Delta,True,4261,30.7,18.15,11.9,53.33,53.7,35.8,27.0,53.3,42.5,3,0.5333
28107950501,28107,Panola,Delta,True,2928,31.68,18.6,11.2,50.11,56.5,38.6,24.7,50.1,42.5,3,0.5011
28141950302,28141,Tishomingo,Other,False,3289,29.9,19.45,10.6,52.3,51.3,43.9,22.7,52.3,42.6,3,0.523
28141950102,28141,Tishomingo,Other,False,1296,30.93,20.1,11.55,42.18,54.3,48.0,25.9,42.2,42.6,3,0.4218
28081950202,28081,Lee,Other,False,4925,28.25,20.0,10.2,55.17,46.5,47.4,21.4,55.2,42.6,3,0.5517
28095950600,28095,Monroe,Other,False,2874,35.05,17.65,12.9,41.49,66.4,32.7,30.3,41.5,42.7,3,0.4149
28137950400,28137,Tate,Delta,True,6197,24.78,19.8,11.85,61.84,36.4,46.1,26.9,61.8,42.8,3,0.6184
28089030111,28089,Madison,Jackson Metro,False,2385,26.58,17.95,13.25,64.02,41.6,34.6,31.5,64.0,42.9,3,0.6402
28071950204,28071,Lafayette,Other,False,2304,24.95,22.4,13.85,39.08,36.9,62.3,33.4,39.1,42.9,3,0.3908
28153950101,28153,Wayne,Other,False,2675,34.23,18.15,14.2,37.36,64.0,35.8,34.6,37.4,42.9,3,0.3736
28121020402,28121,Rankin,Jackson Metro,False,6133,28.05,18.5,9.7,68.05,46.0,38.0,19.8,68.1,42.9,3,0.6805
28081950401,28081,Lee,Other,False,4270,28.4,17.8,11.05,67.13,47.0,33.6,24.2,67.1,43.0,3,0.6713
28061950200,28061,Jasper,Other,False,2066,32.33,16.7,12.25,58.97,58.4,26.8,28.2,59.0,43.1,3,0.5897
28009950102,28009,Benton,Other,False,2298,31.55,18.2,11.45,54.6,56.2,36.1,25.5,54.6,43.1,3,0.546
28149951102,28149,Warren,Delta,True,4214,31.88,19.05,12.7,44.83,57.1,41.4,29.7,44.8,43.3,3,0.4483
28045030400,28045,Hancock,Gulf Coast,False,1998,30.9,19.1,11.25,52.41,54.3,41.7,24.9,52.4,43.3,3,0.5241
28029950501,28029,Copiah,Other,False,3397,26.8,20.85,12.1,50.69,42.3,52.6,27.7,50.7,43.3,3,0.5069
28039950302,28039,George,Other,False,3581,28.38,19.95,10.5,57.24,46.9,47.0,22.4,57.2,43.4,3,0.5724
28153950401,28153,Wayne,Other,False,2977,29.4,20.5,10.75,50.0,49.9,50.5,23.2,50.0,43.4,3,0.5
28111950101,28111,Perry,Pine Belt,False,4483,29.75,19.1,10.0,60.46,50.9,41.7,20.8,60.5,43.5,3,0.6046
28109950600,28109,Pearl River,Other,False,5233,29.18,19.3,11.4,56.55,49.2,43.0,25.4,56.6,43.5,3,0.5655
28045030603,28045,Hancock,Gulf Coast,False,2696,32.05,21.65,12.5,30.0,57.6,57.6,29.0,30.0,43.6,3,0.3
28145950200,28145,Union,Other,False,5555,29.15,20.15,11.45,51.38,49.2,48.3,25.5,51.4,43.6,3,0.5138
28145950500,28145,Union,Other,False,6435,30.1,20.1,11.55,48.74,51.9,48.0,25.9,48.7,43.6,3,0.4874
28083950400,28083,Leflore,Delta,True,4617,31.05,16.2,13.5,64.6,54.7,23.7,32.3,64.6,43.8,3,0.646
28029950300,28029,Copiah,Other,False,4549,29.8,17.95,11.25,64.94,51.1,34.6,24.9,64.9,43.9,3,0.6494
28047003409,28047,Harrison,Gulf Coast,False,3831,28.13,21.0,10.15,54.48,46.2,53.6,21.3,54.5,43.9,3,0.5448
28151001500,28151,Washington,Delta,True,3771,29.55,18.8,12.05,57.82,50.3,39.9,27.5,57.8,43.9,3,0.5782
28159950500,28159,Winston,Other,False,4134,31.08,18.7,12.05,54.02,54.8,39.3,27.5,54.0,43.9,3,0.5402
28139950100,28139,Tippah,Other,False,4712,30.4,20.0,11.1,51.03,52.8,47.4,24.4,51.0,43.9,3,0.5103
28017950401,28017,Chickasaw,Other,False,2063,30.83,17.2,11.5,66.21,54.0,29.9,25.7,66.2,44.0,3,0.6621
28117950202,28117,Prentiss,Other,False,3246,30.55,20.45,10.8,49.31,53.2,50.2,23.4,49.3,44.0,3,0.4931
28161950100,28161,Yalobusha,Other,False,3717,33.83,18.8,14.0,39.54,62.8,39.9,33.9,39.5,44.0,3,0.3954
28005950100,28005,Amite,Other,False,4529,31.88,17.75,10.45,63.56,57.1,33.3,22.2,63.6,44.1,3,0.6356
28043950500,28043,Grenada,Other,False,5262,31.3,17.9,11.25,61.72,55.4,34.3,24.9,61.7,44.1,3,0.6172
28113950400,28113,Pike,Other,False,3401,30.33,16.35,10.65,76.21,52.6,24.6,22.9,76.2,44.1,3,0.7621
28003950600,28003,Alcorn,Other,False,3663,30.63,21.05,10.7,46.09,53.5,53.9,23.1,46.1,44.1,3,0.4609
28141950402,28141,Tishomingo,Other,False,4525,27.73,19.75,10.45,63.68,45.0,45.8,22.2,63.7,44.2,3,0.6368
28059041500,28059,Jackson,Gulf Coast,False,1202,36.3,15.75,12.35,57.47,70.0,20.9,28.5,57.5,44.2,3,0.5747
28157950202,28157,Wilkinson,Other,False,3075,31.25,16.8,14.8,57.59,55.3,27.4,36.6,57.6,44.2,3,0.5759
28059040801,28059,Jackson,Gulf Coast,False,3140,30.75,20.5,13.45,40.46,53.8,50.5,32.1,40.5,44.2,3,0.4046
28079040401,28079,Leake,Other,False,3165,31.68,19.6,12.35,47.01,56.5,44.9,28.5,47.0,44.2,3,0.4701
28001000800,28001,Adams,Other,False,2840,34.38,18.1,14.4,42.76,64.4,35.5,35.3,42.8,44.5,3,0.4276
28133950600,28133,Sunflower,Delta,True,2251,32.83,17.15,12.85,58.39,59.9,29.6,30.1,58.4,44.5,3,0.5839
28049010502,28049,Hinds,Jackson Metro,False,4027,32.28,16.95,11.35,66.32,58.3,28.3,25.2,66.3,44.5,3,0.6632
28065950202,28065,Jefferson Davis,Other,False,3687,34.53,17.85,13.1,48.51,64.8,34.0,31.0,48.5,44.6,3,0.4851
28101050301,28101,Newton,Other,False,3853,25.83,19.45,11.2,70.34,39.5,43.9,24.7,70.3,44.6,3,0.7034
28073020401,28073,Lamar,Pine Belt,False,2088,29.8,19.1,11.1,61.38,51.1,41.7,24.4,61.4,44.6,3,0.6138
28049003200,28049,Hinds,Jackson Metro,False,942,28.48,18.8,13.5,59.31,47.2,39.9,32.3,59.3,44.7,3,0.5931
28079040700,28079,Leake,Other,False,4099,31.78,17.25,12.55,62.76,56.8,30.2,29.2,62.8,44.7,3,0.6276
28047003309,28047,Harrison,Gulf Coast,False,3835,25.83,18.7,9.5,81.15,39.5,39.3,19.1,81.2,44.7,3,0.8115
28105950401,28105,Oktibbeha,Other,False,4815,17.85,27.1,16.75,28.51,16.2,91.6,43.0,28.5,44.8,3,0.2851
28019950200,28019,Choctaw,Other,False,4197,31.0,17.85,10.9,67.36,54.6,34.0,23.7,67.4,44.9,3,0.6736
28151000100,28151,Washington,Delta,True,1197,29.1,16.35,10.4,83.91,49.0,24.6,22.1,83.9,44.9,3,0.8391
28067950500,28067,Jones,Pine Belt,False,4021,29.83,17.25,13.3,66.78,51.1,30.2,31.6,66.8,44.9,3,0.6678
28089030108,28089,Madison,Jackson Metro,False,5220,25.88,18.75,12.9,70.57,39.6,39.6,30.3,70.6,45.0,3,0.7057
28093950501,28093,Marshall,Other,False,2164,37.8,18.75,15.55,27.13,74.4,39.6,39.0,27.1,45.0,3,0.2713
28079040500,28079,Leake,Other,False,2744,30.98,18.25,11.85,62.41,54.5,36.4,26.9,62.4,45.0,3,0.6241
28129950202,28129,Smith,Other,False,1982,30.75,18.7,10.35,65.29,53.8,39.3,21.9,65.3,45.1,3,0.6529
28059040401,28059,Jackson,Gulf Coast,False,4716,28.6,19.65,10.9,64.14,47.6,45.2,23.7,64.1,45.1,3,0.6414
28123020101,28123,Scott,Other,False,2945,29.58,19.05,12.9,59.77,50.4,41.4,30.3,59.8,45.5,3,0.5977
28045030203,28045,Hancock,Gulf Coast,False,3611,29.78,19.85,11.15,60.11,51.0,46.4,24.5,60.1,45.5,3,0.6011
28001000200,28001,Adams,Other,False,3930,36.03,16.5,14.6,51.49,69.2,25.5,35.9,51.5,45.5,3,0.5149
28151001600,28151,Washington,Delta,True,1764,32.1,16.85,12.3,68.74,57.8,27.7,28.3,68.7,45.6,3,0.6874
28081950700,28081,Lee,Other,False,3598,30.98,18.55,12.7,60.34,54.5,38.3,29.7,60.3,45.7,3,0.6034
28141950200,28141,Tishomingo,Other,False,2335,29.55,19.85,10.0,65.4,50.3,46.4,20.8,65.4,45.7,3,0.654
28039950102,28039,George,Other,False,5489,27.9,20.0,10.35,68.28,45.5,47.4,21.9,68.3,45.8,3,0.6828
28047003406,28047,Harrison,Gulf Coast,False,3374,28.38,20.8,12.05,56.32,46.9,52.3,27.5,56.3,45.8,3,0.5632
28029950502,28029,Copiah,Other,False,2117,34.3,20.15,14.25,35.86,64.2,48.3,34.8,35.9,45.8,4,0.3586
28107950301,28107,Panola,Delta,True,3011,32.4,19.65,12.1,51.61,58.6,45.2,27.7,51.6,45.8,4,0.5161
28099010200,28099,Neshoba,Other,False,3038,32.38,19.8,11.75,51.95,58.6,46.1,26.5,52.0,45.8,4,0.5195
28075010204,28075,Lauderdale,Other,False,2980,32.53,18.35,12.7,57.93,59.0,37.1,29.7,57.9,45.9,4,0.5793
28049011300,28049,Hinds,Jackson Metro,False,3977,34.4,17.7,13.3,54.83,64.5,33.0,31.6,54.8,46.0,4,0.5483
28101050200,28101,Newton,Other,False,3926,30.48,19.55,11.85,59.54,53.0,44.5,26.9,59.5,46.0,4,0.5954
28087000405,28087,Lowndes,Other,False,5940,29.48,19.05,11.7,66.44,50.1,41.4,26.4,66.4,46.1,4,0.6644
28059040103,28059,Jackson,Gulf Coast,False,4035,32.93,20.9,12.45,42.99,60.2,53.0,28.8,43.0,46.2,4,0.4299
28047003901,28047,Harrison,Gulf Coast,False,1064,34.7,18.65,16.3,39.43,65.4,38.9,41.5,39.4,46.3,4,0.3943
28147950101,28147,Walthall,Other,False,3385,32.53,18.75,12.95,56.21,59.0,39.6,30.5,56.2,46.3,4,0.5621
28115950300,28115,Pontotoc,Other,False,5734,28.88,18.6,11.95,71.72,48.4,38.6,27.2,71.7,46.5,4,0.7172
28147950102,28147,Walthall,Other,False,2423,33.83,18.8,14.45,47.82,62.8,39.9,35.4,47.8,46.5,4,0.4782
28059041001,28059,Jackson,Gulf Coast,False,2687,31.48,17.95,11.0,71.38,55.9,34.6,24.1,71.4,46.5,4,0.7138
28047001503,28047,Harrison,Gulf Coast,False,1780,29.13,20.95,13.1,52.76,49.1,53.3,31.0,52.8,46.5,4,0.5276
28059040301,28059,Jackson,Gulf Coast,False,5717,28.43,19.9,12.5,63.33,47.0,46.7,29.0,63.3,46.5,4,0.6333
28059041101,28059,Jackson,Gulf Coast,False,2716,31.83,18.4,12.6,62.53,57.0,37.4,29.3,62.5,46.6,4,0.6253
28059042900,28059,Jackson,Gulf Coast,False,1925,31.95,19.35,12.8,55.86,57.3,43.3,30.0,55.9,46.6,4,0.5586
28139950300,28139,Tippah,Other,False,2811,30.65,17.85,12.85,68.85,53.5,34.0,30.1,68.9,46.6,4,0.6885
28047003506,28047,Harrison,Gulf Coast,False,2561,31.0,22.1,11.8,45.17,54.6,60.4,26.7,45.2,46.7,4,0.4517
28117950102,28117,Prentiss,Other,False,1904,30.73,21.05,11.45,53.91,53.8,53.9,25.5,53.9,46.8,4,0.5391
28033070325,28033,DeSoto,Delta,True,3417,28.75,20.45,14.25,54.37,48.0,50.2,34.8,54.4,46.8,4,0.5437
28163950200,28163,Yazoo,Delta,True,2610,31.58,16.9,11.45,77.7,56.2,28.0,25.5,77.7,46.9,4,0.777
28007060200,28007,Attala,Other,False,2794,30.8,18.55,10.6,73.22,54.0,38.3,22.7,73.2,47.1,4,0.7322
28099010700,28099,Neshoba,Other,False,4263,30.93,20.3,12.4,56.09,54.3,49.2,28.7,56.1,47.1,4,0.5609
28159950400,28159,Winston,Other,False,3380,33.23,17.9,13.35,61.26,61.1,34.3,31.8,61.3,47.1,4,0.6126
28059040802,28059,Jackson,Gulf Coast,False,4329,30.75,19.2,11.5,66.55,53.8,42.4,25.7,66.6,47.1,4,0.6655
28085950402,28085,Lincoln,Other,False,4176,33.03,20.7,13.1,45.52,60.5,51.7,31.0,45.5,47.2,4,0.4552
28123020600,28123,Scott,Other,False,3339,31.63,18.95,13.15,60.57,56.4,40.8,31.1,60.6,47.2,4,0.6057
28031950401,28031,Covington,Pine Belt,False,3906,28.98,18.55,10.8,78.85,48.7,38.3,23.4,78.9,47.3,4,0.7885
28149950800,28149,Warren,Delta,True,3612,32.9,18.05,13.4,62.07,60.1,35.2,32.0,62.1,47.3,4,0.6207
28081950800,28081,Lee,Other,False,3444,28.78,17.5,10.95,85.98,48.1,31.8,23.9,86.0,47.4,4,0.8598
28033070411,28033,DeSoto,Delta,True,2072,31.25,21.05,13.8,47.59,55.3,53.9,33.3,47.6,47.5,4,0.4759
28007060500,28007,Attala,Other,False,3454,33.2,19.05,14.8,51.26,61.0,41.4,36.6,51.3,47.6,4,0.5126
28129950100,28129,Smith,Other,False,4514,34.9,19.6,13.3,47.93,65.9,44.9,31.6,47.9,47.6,4,0.4793
28049010301,28049,Hinds,Jackson Metro,False,2958,35.73,15.35,13.35,72.41,68.3,18.4,31.8,72.4,47.7,4,0.7241
28087001100,28087,Lowndes,Other,False,1548,35.4,17.65,16.0,50.34,67.4,32.7,40.5,50.3,47.7,4,0.5034
28093950301,28093,Marshall,Other,False,4259,32.0,19.3,13.95,56.9,57.5,43.0,33.8,56.9,47.8,4,0.569
28121020705,28121,Rankin,Jackson Metro,False,6504,28.23,20.05,11.9,70.0,46.5,47.7,27.0,70.0,47.8,4,0.7
28013950400,28013,Calhoun,Other,False,2847,30.35,18.75,13.9,65.63,52.7,39.6,33.6,65.6,47.9,4,0.6563
28001000600,28001,Adams,Other,False,2701,32.95,18.95,13.8,57.13,60.2,40.8,33.3,57.1,47.9,4,0.5713
28045030102,28045,Hancock,Gulf Coast,False,3586,31.0,17.15,10.25,85.75,54.6,29.6,21.6,85.8,47.9,4,0.8575
28075000300,28075,Lauderdale,Other,False,2039,35.53,18.45,15.35,48.05,67.8,37.7,38.4,48.1,48.0,4,0.4805
28107950102,28107,Panola,Delta,True,2882,34.23,18.3,14.1,57.01,64.0,36.8,34.3,57.0,48.0,4,0.5701
28121020601,28121,Rankin,Jackson Metro,False,3557,28.68,19.2,11.85,75.63,47.8,42.4,26.9,75.6,48.2,4,0.7563
28033071124,28033,DeSoto,Delta,True,4104,26.38,19.2,11.55,83.68,41.1,42.4,25.9,83.7,48.2,4,0.8368
28049011002,28049,Hinds,Jackson Metro,False,4032,35.63,19.4,17.8,34.94,68.1,43.6,46.5,34.9,48.3,4,0.3494
28001000101,28001,Adams,Other,False,4710,29.85,18.3,18.95,54.94,51.2,36.8,50.2,54.9,48.3,4,0.5494
28121020105,28121,Rankin,Jackson Metro,False,2164,29.73,18.85,10.95,78.28,50.8,40.2,23.9,78.3,48.3,4,0.7828
28047003209,28047,Harrison,Gulf Coast,False,5949,27.6,20.5,11.75,71.61,44.6,50.5,26.5,71.6,48.3,4,0.7161
28137950100,28137,Tate,Delta,True,5388,29.7,19.1,12.3,72.53,50.8,41.7,28.3,72.5,48.3,4,0.7253
28077960100,28077,Lawrence,Other,False,3710,35.9,19.2,13.9,48.62,68.9,42.4,33.6,48.6,48.4,4,0.4862
28047003208,28047,Harrison,Gulf Coast,False,3983,27.78,19.0,14.25,72.76,45.1,41.1,34.8,72.8,48.4,4,0.7276
28059040207,28059,Jackson,Gulf Coast,False,4372,32.93,21.75,13.65,43.1,60.2,58.3,32.8,43.1,48.6,4,0.431
28093950401,28093,Marshall,Other,False,2654,34.05,17.45,13.85,65.98,63.5,31.5,33.4,66.0,48.6,4,0.6598
28035000300,28035,Forrest,Pine Belt,False,3183,29.95,20.15,16.15,53.56,51.5,48.3,41.0,53.6,48.6,4,0.5356
28113950200,28113,Pike,Other,False,6272,29.95,19.15,12.5,72.3,51.5,42.1,29.0,72.3,48.7,4,0.723
28145950300,28145,Union,Other,False,4549,31.03,18.7,13.35,69.2,54.6,39.3,31.8,69.2,48.7,4,0.692
28131020204,28131,Stone,Other,False,4338,31.3,19.85,11.2,68.39,55.4,46.4,24.7,68.4,48.7,4,0.6839
28101050302,28101,Newton,Other,False,2592,31.68,21.35,14.65,46.67,56.5,55.8,36.1,46.7,48.8,4,0.4667
28005950302,28005,Amite,Other,False,2425,37.38,18.35,14.4,49.77,73.2,37.1,35.3,49.8,48.8,4,0.4977
28047003902,28047,Harrison,Gulf Coast,False,2259,28.65,19.65,12.0,75.06,47.7,45.2,27.3,75.1,48.8,4,0.7506
28103950200,28103,Noxubee,Other,False,2613,33.3,17.75,13.9,67.47,61.3,33.3,33.6,67.5,48.9,4,0.6747
28149950400,28149,Warren,Delta,True,2379,33.78,17.3,12.6,73.33,62.7,30.5,29.3,73.3,49.0,4,0.7333
28047002001,28047,Harrison,Gulf Coast,False,1737,30.23,19.45,13.45,67.7,52.3,43.9,32.1,67.7,49.0,4,0.677
28041950202,28041,Greene,Other,False,2620,29.43,19.5,10.2,80.46,50.0,44.2,21.4,80.5,49.0,4,0.8046
28005950301,28005,Amite,Other,False,2061,36.15,18.3,13.35,58.51,69.6,36.8,31.8,58.5,49.2,4,0.5851
28059041301,28059,Jackson,Gulf Coast,False,4402,32.63,18.9,12.0,69.54,59.3,40.5,27.3,69.5,49.2,4,0.6954
28151001700,28151,Washington,Delta,True,2423,34.1,17.85,15.9,59.43,63.6,34.0,40.2,59.4,49.3,4,0.5943
28075001000,28075,Lauderdale,Other,False,4304,29.53,18.3,12.35,82.18,50.3,36.8,28.5,82.2,49.4,4,0.8218
28093950102,28093,Marshall,Other,False,3464,31.6,19.4,13.85,64.71,56.3,43.6,33.4,64.7,49.5,4,0.6471
28145950400,28145,Union,Other,False,3553,31.28,19.3,13.75,66.67,55.4,43.0,33.1,66.7,49.5,4,0.6667
28123020200,28123,Scott,Other,False,4805,32.48,19.15,13.35,65.52,58.9,42.1,31.8,65.5,49.6,4,0.6552
28023950202,28023,Clarke,Other,False,1698,33.7,20.45,15.85,45.86,62.4,50.2,40.0,45.9,49.6,4,0.4586
28027950600,28027,Coahoma,Delta,True,881,34.5,17.15,15.5,66.09,64.8,29.6,38.9,66.1,49.8,4,0.6609
28049000400,28049,Hinds,Jackson Metro,False,2964,31.2,17.6,13.15,80.69,55.1,32.4,31.1,80.7,49.8,4,0.8069
28109950504,28109,Pearl River,Other,False,3428,32.53,20.5,12.55,60.92,59.0,50.5,29.2,60.9,49.9,4,0.6092
28003950300,28003,Alcorn,Other,False,3404,32.93,19.95,12.4,64.37,60.2,47.0,28.7,64.4,50.1,4,0.6437
28035001000,28035,Forrest,Pine Belt,False,3950,23.8,22.85,16.35,60.0,33.6,65.1,41.7,60.0,50.1,4,0.6
28115950102,28115,Pontotoc,Other,False,6323,28.1,19.95,11.6,81.26,46.1,47.0,26.0,81.3,50.1,4,0.8126
28137950302,28137,Tate,Delta,True,5870,27.5,19.85,11.55,84.37,44.3,46.4,25.9,84.4,50.2,4,0.8437
28095950700,28095,Monroe,Other,False,2243,34.28,17.4,13.35,74.02,64.1,31.2,31.8,74.0,50.3,4,0.7402
28109950702,28109,Pearl River,Other,False,2423,30.88,19.35,13.7,70.69,54.2,43.3,32.9,70.7,50.3,4,0.7069
28081950602,28081,Lee,Other,False,3622,30.08,17.85,11.35,90.23,51.9,34.0,25.2,90.2,50.3,4,0.9023
28087000500,28087,Lowndes,Other,False,3832,32.4,17.15,13.65,80.8,58.6,29.6,32.8,80.8,50.5,4,0.808
28139950201,28139,Tippah,Other,False,4307,32.6,20.3,13.05,63.79,59.2,49.2,30.8,63.8,50.8,4,0.6379
28131020100,28131,Stone,Other,False,3438,31.5,19.4,12.8,73.68,56.0,43.6,30.0,73.7,50.8,4,0.7368
28023950400,28023,Clarke,Other,False,2636,31.3,18.35,11.35,85.86,55.4,37.1,25.2,85.9,50.9,4,0.8586
28047003308,28047,Harrison,Gulf Coast,False,4598,29.5,19.95,14.3,71.49,50.2,47.0,34.9,71.5,50.9,4,0.7149
28047003215,28047,Harrison,Gulf Coast,False,5392,28.0,19.7,12.2,84.94,45.8,45.5,28.0,84.9,51.1,4,0.8494
28033070221,28033,DeSoto,Delta,True,3629,32.6,20.6,14.05,59.89,59.2,51.1,34.1,59.9,51.1,4,0.5989
28117950301,28117,Prentiss,Other,False,3067,25.48,22.8,13.85,67.82,38.4,64.8,33.4,67.8,51.1,4,0.6782
28149950500,28149,Warren,Delta,True,2313,32.18,18.2,13.05,79.89,58.0,36.1,30.8,79.9,51.2,4,0.7989
28049011500,28049,Hinds,Jackson Metro,False,3199,25.63,22.05,18.65,56.78,38.9,60.1,49.3,56.8,51.3,4,0.5678
28095950202,28095,Monroe,Other,False,3480,34.15,20.25,13.9,58.85,63.7,48.9,33.6,58.9,51.3,4,0.5885
28129950301,28129,Smith,Other,False,3131,34.08,19.7,13.85,63.22,63.5,45.5,33.4,63.2,51.4,4,0.6322
28049000302,28049,Hinds,Jackson Metro,False,4381,32.6,19.35,17.35,58.28,59.2,43.3,45.0,58.3,51.4,4,0.5828
28091950200,28091,Marion,Other,False,3712,31.5,19.7,12.55,75.17,56.0,45.5,29.2,75.2,51.5,4,0.7517
28049000301,28049,Hinds,Jackson Metro,False,1994,32.85,20.15,17.55,52.18,60.0,48.3,45.6,52.2,51.5,4,0.5218
28105950300,28105,Oktibbeha,Other,False,3527,30.8,17.65,14.05,85.29,54.0,32.7,34.1,85.3,51.5,4,0.8529
28049010901,28049,Hinds,Jackson Metro,False,2587,34.45,17.6,15.8,69.43,64.6,32.4,39.9,69.4,51.6,4,0.6943
28019950300,28019,Choctaw,Other,False,1693,32.13,18.5,12.7,80.92,57.8,38.0,29.7,80.9,51.6,4,0.8092
28035010500,28035,Forrest,Pine Belt,False,4863,31.33,17.4,12.8,89.89,55.5,31.2,30.0,89.9,51.6,4,0.8989
28113950501,28113,Pike,Other,False,4088,32.33,18.45,14.05,76.32,58.4,37.7,34.1,76.3,51.6,4,0.7632
28161950200,28161,Yalobusha,Other,False,4457,32.48,18.65,13.25,77.47,58.9,38.9,31.5,77.5,51.7,4,0.7747
28047001701,28047,Harrison,Gulf Coast,False,2281,33.0,19.6,14.55,65.75,60.4,44.9,35.7,65.8,51.7,4,0.6575
28039950200,28039,George,Other,False,2978,30.88,19.3,13.75,76.67,54.2,43.0,33.1,76.7,51.7,4,0.7667
28049011101,28049,Hinds,Jackson Metro,False,2642,34.5,17.65,14.65,73.45,64.8,32.7,36.1,73.5,51.8,4,0.7345
28065950201,28065,Jefferson Davis,Other,False,2923,36.38,19.25,15.55,55.29,70.2,42.7,39.0,55.3,51.8,4,0.5529
28047003700,28047,Harrison,Gulf Coast,False,3504,28.55,20.75,13.85,74.71,47.4,52.0,33.4,74.7,51.9,4,0.7471
28033070101,28033,DeSoto,Delta,True,3229,29.58,20.05,13.85,76.09,50.4,47.7,33.4,76.1,51.9,4,0.7609
28093950502,28093,Marshall,Other,False,3008,32.8,19.75,13.0,71.84,59.8,45.8,30.6,71.8,52.0,4,0.7184
28089031100,28089,Madison,Jackson Metro,False,2845,33.88,17.95,15.3,72.64,62.9,34.6,38.2,72.6,52.1,4,0.7264
28131020206,28131,Stone,Other,False,2629,32.45,19.3,12.5,78.16,58.8,43.0,29.0,78.2,52.2,4,0.7816
28035010400,28035,Forrest,Pine Belt,False,4651,26.75,20.65,12.65,86.09,42.2,51.4,29.5,86.1,52.3,4,0.8609
28161950301,28161,Yalobusha,Other,False,1835,35.6,18.4,14.1,69.77,68.0,37.4,34.3,69.8,52.3,4,0.6977
28011950500,28011,Bolivar,Delta,True,5183,32.13,18.65,13.15,81.95,57.8,38.9,31.1,82.0,52.5,4,0.8195
28151000200,28151,Washington,Delta,True,1835,33.43,16.8,13.7,88.05,61.6,27.4,32.9,88.1,52.5,4,0.8805
28051950400,28051,Holmes,Delta,True,2484,36.95,17.45,15.3,68.97,71.9,31.5,38.2,69.0,52.6,4,0.6897
28113950502,28113,Pike,Other,False,1744,37.1,18.25,15.45,63.1,72.4,36.4,38.7,63.1,52.7,4,0.631
28077960300,28077,Lawrence,Other,False,4106,33.25,20.7,12.8,68.62,61.1,51.7,30.0,68.6,52.9,4,0.6862
28073020600,28073,Lamar,Pine Belt,False,3358,33.3,19.65,12.25,77.13,61.3,45.2,28.2,77.1,52.9,4,0.7713
28095950400,28095,Monroe,Other,False,3130,35.25,19.0,14.55,69.31,67.0,41.1,35.7,69.3,53.3,4,0.6931
28043950400,28043,Grenada,Other,False,2447,34.25,17.65,14.8,80.0,64.0,32.7,36.6,80.0,53.3,4,0.8
28163950602,28163,Yazoo,Delta,True,3192,33.55,19.0,13.6,78.05,62.0,41.1,32.6,78.1,53.4,4,0.7805
28021950300,28021,Claiborne,Other,False,5190,30.4,19.3,15.75,78.39,52.8,43.0,39.7,78.4,53.5,4,0.7839
28141950401,28141,Tishomingo,Other,False,3039,33.68,21.4,13.3,64.83,62.4,56.1,31.6,64.8,53.7,4,0.6483
28107950202,28107,Panola,Delta,True,1027,37.95,19.6,17.95,48.39,74.8,44.9,47.0,48.4,53.8,4,0.4839
28031950200,28031,Covington,Pine Belt,False,2104,34.7,18.3,15.3,74.83,65.4,36.8,38.2,74.8,53.8,4,0.7483
28099010400,28099,Neshoba,Other,False,3446,34.58,18.65,15.35,72.99,65.0,38.9,38.4,73.0,53.8,4,0.7299
28011950300,28011,Bolivar,Delta,True,3042,37.48,17.45,15.65,71.15,73.5,31.5,39.4,71.2,53.9,4,0.7115
28021950200,28021,Claiborne,Other,False,1108,36.7,17.75,15.6,72.07,71.2,33.3,39.2,72.1,54.0,4,0.7207
28127950200,28127,Simpson,Other,False,3516,30.85,19.45,12.4,89.2,54.1,43.9,28.7,89.2,54.0,4,0.892
28061950401,28061,Jasper,Other,False,3405,38.65,18.0,16.25,62.87,76.9,34.9,41.4,62.9,54.0,4,0.6287
28009950200,28009,Benton,Other,False,2407,30.28,20.25,11.7,88.97,52.4,48.9,26.4,89.0,54.2,4,0.8897
28047003211,28047,Harrison,Gulf Coast,False,1984,29.08,20.85,13.4,83.22,48.9,52.6,32.0,83.2,54.2,4,0.8322
28005950200,28005,Amite,Other,False,3668,36.55,18.9,14.45,70.11,70.8,40.5,35.4,70.1,54.2,4,0.7011
28059041700,28059,Jackson,Gulf Coast,False,1711,40.8,16.8,16.55,64.48,83.2,27.4,42.3,64.5,54.3,4,0.6448
28139950202,28139,Tippah,Other,False,2324,31.28,20.35,12.75,82.76,55.4,49.5,29.8,82.8,54.4,4,0.8276
28117950500,28117,Prentiss,Other,False,1890,35.6,21.3,17.25,49.43,68.0,55.5,44.6,49.4,54.4,4,0.4943
28047003600,28047,Harrison,Gulf Coast,False,1083,30.75,18.55,15.15,87.82,53.8,38.3,37.7,87.8,54.4,4,0.8782
28033070412,28033,DeSoto,Delta,True,4479,31.13,20.55,14.8,75.52,54.9,50.8,36.6,75.5,54.4,4,0.7552
28033070422,28033,DeSoto,Delta,True,2652,31.15,20.65,14.1,77.24,55.0,51.4,34.3,77.2,54.5,4,0.7724
28091950400,28091,Marion,Other,False,4125,33.7,18.85,13.9,81.72,62.4,40.2,33.6,81.7,54.5,4,0.8172
28111950200,28111,Perry,Pine Belt,False,3356,35.7,20.2,13.45,69.08,68.3,48.6,32.1,69.1,54.5,4,0.6908
28079040402,28079,Leake,Other,False,3031,31.68,19.8,14.65,79.66,56.5,46.1,36.1,79.7,54.6,4,0.7966
28059041002,28059,Jackson,Gulf Coast,False,3530,31.23,19.2,13.2,89.54,55.2,42.4,31.3,89.5,54.6,4,0.8954
28049001600,28049,Hinds,Jackson Metro,False,3656,30.73,20.9,16.55,69.89,53.8,53.0,42.3,69.9,54.7,4,0.6989
28041950102,28041,Greene,Other,False,6416,33.43,17.5,16.25,84.48,61.6,31.8,41.4,84.5,54.8,4,0.8448
28101050500,28101,Newton,Other,False,3157,36.0,18.7,16.65,68.51,69.1,39.3,42.7,68.5,54.9,4,0.6851
28139950402,28139,Tippah,Other,False,2562,30.25,20.3,13.1,87.47,52.4,49.2,31.0,87.5,55.0,4,0.8747
28047003103,28047,Harrison,Gulf Coast,False,3133,31.75,20.8,14.1,76.78,56.7,52.3,34.3,76.8,55.0,4,0.7678
28099010600,28099,Neshoba,Other,False,4994,32.1,20.85,13.2,78.51,57.8,52.6,31.3,78.5,55.1,4,0.7851
28003950501,28003,Alcorn,Other,False,3901,31.25,20.2,12.75,86.78,55.3,48.6,29.8,86.8,55.1,4,0.8678
28087000700,28087,Lowndes,Other,False,4944,31.28,20.7,16.75,70.46,55.4,51.7,43.0,70.5,55.1,4,0.7046
28015950201,28015,Carroll,Delta,True,3759,36.33,18.05,16.15,74.48,70.1,35.2,41.0,74.5,55.2,4,0.7448
28149950101,28149,Warren,Delta,True,2644,37.23,18.85,15.1,71.26,72.7,40.2,37.6,71.3,55.4,4,0.7126
28049003600,28049,Hinds,Jackson Metro,False,2959,35.6,20.4,20.35,49.54,68.0,49.8,54.9,49.5,55.6,4,0.4954
28013950300,28013,Calhoun,Other,False,2987,35.0,18.8,13.95,82.87,66.2,39.9,33.8,82.9,55.7,4,0.8287
28091950600,28091,Marion,Other,False,4450,35.38,21.4,15.35,61.15,67.3,56.1,38.4,61.2,55.7,4,0.6115
28157950100,28157,Wilkinson,Other,False,4161,37.18,18.3,14.95,77.36,72.6,36.8,37.1,77.4,55.9,4,0.7736
28133950300,28133,Sunflower,Delta,True,2366,33.6,18.9,15.7,81.61,62.1,40.5,39.5,81.6,55.9,4,0.8161
28151001400,28151,Washington,Delta,True,3949,33.78,17.7,16.0,87.59,62.7,33.0,40.5,87.6,55.9,4,0.8759
28067950700,28067,Jones,Pine Belt,False,3977,35.23,17.9,14.15,88.51,66.9,34.3,34.4,88.5,56.0,4,0.8851
28049000500,28049,Hinds,Jackson Metro,False,5321,38.18,16.9,16.3,79.31,75.5,28.0,41.5,79.3,56.1,4,0.7931
28077960200,28077,Lawrence,Other,False,4117,34.53,19.55,13.95,81.49,64.8,44.5,33.8,81.5,56.2,4,0.8149
28059042202,28059,Jackson,Gulf Coast,False,2969,33.73,20.2,15.5,74.94,62.5,48.6,38.9,74.9,56.2,4,0.7494
28017950300,28017,Chickasaw,Other,False,4907,33.0,19.5,15.75,81.38,60.4,44.2,39.7,81.4,56.4,4,0.8138
28067950601,28067,Jones,Pine Belt,False,4556,36.75,17.65,18.1,74.25,71.3,32.7,47.4,74.3,56.4,4,0.7425
28013950200,28013,Calhoun,Other,False,1304,35.78,19.05,14.9,79.2,68.5,41.4,36.9,79.2,56.5,4,0.792
28035010700,28035,Forrest,Pine Belt,False,1272,32.3,18.75,15.85,88.28,58.4,39.6,40.0,88.3,56.6,4,0.8828
28049003500,28049,Hinds,Jackson Metro,False,3510,32.73,19.45,17.05,78.97,59.6,43.9,44.0,79.0,56.6,4,0.7897
28007060600,28007,Attala,Other,False,3443,34.33,18.6,14.95,86.9,64.3,38.6,37.1,86.9,56.7,4,0.869
28049002300,28049,Hinds,Jackson Metro,False,2617,32.58,18.25,15.7,92.07,59.2,36.4,39.5,92.1,56.8,4,0.9207
28049011400,28049,Hinds,Jackson Metro,False,915,36.23,18.15,17.6,75.86,69.8,35.8,45.8,75.9,56.8,4,0.7586
28063950200,28063,Jefferson,Other,False,1459,36.33,17.3,17.15,82.41,70.1,30.5,44.3,82.4,56.8,5,0.8241
28049010203,28049,Hinds,Jackson Metro,False,3040,37.0,17.0,15.35,88.74,72.1,28.7,38.4,88.7,57.0,5,0.8874
28017950100,28017,Chickasaw,Other,False,3757,35.83,18.35,15.6,83.45,68.6,37.1,39.2,83.5,57.1,5,0.8345
28037950101,28037,Franklin,Other,False,2260,37.4,19.75,16.7,66.9,73.2,45.8,42.8,66.9,57.2,5,0.669
28047001506,28047,Harrison,Gulf Coast,False,2722,29.35,21.0,14.45,90.34,49.7,53.6,35.4,90.3,57.3,5,0.9034
28027950300,28027,Coahoma,Delta,True,2425,35.33,19.05,16.4,78.74,67.2,41.4,41.8,78.7,57.3,5,0.7874
28047002300,28047,Harrison,Gulf Coast,False,1799,33.95,20.85,17.45,68.16,63.2,52.6,45.3,68.2,57.3,5,0.6816
28163950100,28163,Yazoo,Delta,True,8390,35.05,17.6,19.95,77.01,66.4,32.4,53.5,77.0,57.3,5,0.7701
28093950402,28093,Marshall,Other,False,4617,32.28,18.85,17.2,86.55,58.3,40.2,44.5,86.6,57.4,5,0.8655
28013950500,28013,Calhoun,Other,False,2529,33.93,19.5,15.45,83.56,63.1,44.2,38.7,83.6,57.4,5,0.8356
28155950300,28155,Webster,Other,False,1662,33.5,18.75,14.7,92.18,61.9,39.6,36.2,92.2,57.5,5,0.9218
28047003214,28047,Harrison,Gulf Coast,False,1766,29.28,21.35,15.4,86.44,49.5,55.8,38.6,86.4,57.6,5,0.8644
28059041800,28059,Jackson,Gulf Coast,False,2578,41.5,17.0,17.6,70.92,85.2,28.7,45.8,70.9,57.6,5,0.7092
28153950102,28153,Wayne,Other,False,2886,34.03,19.45,15.3,85.06,63.4,43.9,38.2,85.1,57.6,5,0.8506
28017950200,28017,Chickasaw,Other,False,3343,34.6,20.25,15.95,76.9,65.1,48.9,40.4,76.9,57.8,5,0.769
28103950100,28103,Noxubee,Other,False,4557,35.2,18.55,16.45,84.14,66.8,38.3,42.0,84.1,57.8,5,0.8414
28033070323,28033,DeSoto,Delta,True,4879,32.2,21.35,17.95,70.8,58.1,55.8,47.0,70.8,57.9,5,0.708
28001000500,28001,Adams,Other,False,2966,34.1,18.85,16.2,87.13,63.6,40.2,41.2,87.1,58.0,5,0.8713
28033070324,28033,DeSoto,Delta,True,4261,31.68,20.95,15.45,83.79,56.5,53.3,38.7,83.8,58.1,5,0.8379
28109950701,28109,Pearl River,Other,False,4079,33.78,20.8,15.65,78.62,62.7,52.3,39.4,78.6,58.2,5,0.7862
28045030304,28045,Hancock,Gulf Coast,False,1799,31.38,21.4,14.35,86.32,55.7,56.1,35.1,86.3,58.3,5,0.8632
28029950400,28029,Copiah,Other,False,4940,34.85,17.7,16.25,93.56,65.8,33.0,41.4,93.6,58.4,5,0.9356
28133950200,28133,Sunflower,Delta,True,4026,37.23,18.2,17.3,80.34,72.7,36.1,44.8,80.3,58.5,5,0.8034
28113950601,28113,Pike,Other,False,3646,36.43,18.55,15.85,86.67,70.4,38.3,40.0,86.7,58.9,5,0.8667
28075000200,28075,Lauderdale,Other,False,2209,40.35,17.85,18.5,71.03,81.8,34.0,48.8,71.0,58.9,5,0.7103
28049002500,28049,Hinds,Jackson Metro,False,2136,37.0,16.95,16.7,92.53,72.1,28.3,42.8,92.5,58.9,5,0.9253
28113950103,28113,Pike,Other,False,1881,37.23,21.95,16.85,60.23,72.7,59.5,43.3,60.2,58.9,5,0.6023
28035000900,28035,Forrest,Pine Belt,False,4402,17.83,28.45,19.8,67.59,16.1,100.0,53.0,67.6,59.2,5,0.6759
28027950400,28027,Coahoma,Delta,True,3306,35.35,18.75,15.95,90.57,67.3,39.6,40.4,90.6,59.4,5,0.9057
28119950300,28119,Quitman,Delta,True,2827,38.2,18.7,16.8,79.77,75.6,39.3,43.2,79.8,59.4,5,0.7977
28059041900,28059,Jackson,Gulf Coast,False,2334,34.63,19.4,14.35,94.25,65.1,43.6,35.1,94.3,59.5,5,0.9425
28065950102,28065,Jefferson Davis,Other,False,3260,36.63,18.25,14.7,94.71,71.0,36.4,36.2,94.7,59.6,5,0.9471
28153950402,28153,Wayne,Other,False,1963,37.1,20.95,19.35,61.49,72.4,53.3,51.6,61.5,59.7,5,0.6149
28127950500,28127,Simpson,Other,False,4190,32.88,20.15,15.6,91.26,60.0,48.3,39.2,91.3,59.7,5,0.9126
28047001204,28047,Harrison,Gulf Coast,False,3129,31.65,20.15,15.2,96.21,56.5,48.3,37.9,96.2,59.7,5,0.9621
28123020500,28123,Scott,Other,False,5138,30.88,18.9,21.55,85.4,54.2,40.5,58.8,85.4,59.7,5,0.854
28021950100,28021,Claiborne,Other,False,2746,40.25,18.9,19.25,65.86,81.5,40.5,51.2,65.9,59.8,5,0.6586
28025950400,28025,Clay,Other,False,4482,35.93,18.7,15.65,91.95,68.9,39.3,39.4,92.0,59.9,5,0.9195
28055950100,28055,Issaquena,Delta,True,1206,33.95,17.9,20.05,88.39,63.2,34.3,53.9,88.4,59.9,5,0.8839
28035000500,28035,Forrest,Pine Belt,False,1400,35.53,18.65,19.55,81.84,67.8,38.9,52.2,81.8,60.2,5,0.8184
28069030100,28069,Kemper,Other,False,4941,33.28,18.75,16.25,98.85,61.2,39.6,41.4,98.9,60.2,5,0.9885
28113950602,28113,Pike,Other,False,2812,39.98,19.95,19.25,63.45,80.7,47.0,51.2,63.5,60.6,5,0.6345
28149950300,28149,Warren,Delta,True,1823,35.73,18.4,16.55,95.17,68.3,37.4,42.3,95.2,60.8,5,0.9517
28085950500,28085,Lincoln,Other,False,5218,35.63,19.05,16.25,92.41,68.1,41.4,41.4,92.4,60.8,5,0.9241
28149950200,28149,Warren,Delta,True,3405,37.5,18.4,16.35,90.69,73.5,37.4,41.7,90.7,60.8,5,0.9069
28063950102,28063,Jefferson,Other,False,2184,41.93,18.9,20.05,62.64,86.4,40.5,53.9,62.6,60.9,5,0.6264
28083950300,28083,Leflore,Delta,True,3908,35.2,19.25,20.4,79.08,66.8,42.7,55.0,79.1,60.9,5,0.7908
28051950200,28051,Holmes,Delta,True,3347,39.03,18.15,18.75,80.23,78.0,35.8,49.6,80.2,60.9,5,0.8023
28151002100,28151,Washington,Delta,True,1102,38.68,18.45,19.85,75.98,77.0,37.7,53.2,76.0,61.0,5,0.7598
28063950101,28063,Jefferson,Other,False,1708,38.0,17.85,16.35,93.22,75.0,34.0,41.7,93.2,61.0,5,0.9322
28049002200,28049,Hinds,Jackson Metro,False,2249,38.73,18.0,18.65,83.33,77.1,34.9,49.3,83.3,61.1,5,0.8333
28135950200,28135,Tallahatchie,Delta,True,2868,36.58,18.2,16.5,95.75,70.8,36.1,42.2,95.8,61.2,5,0.9575
28081951002,28081,Lee,Other,False,3939,34.85,19.65,16.75,91.49,65.8,45.2,43.0,91.5,61.4,5,0.9149
28053950100,28053,Humphreys,Delta,True,1969,38.18,18.95,17.05,85.63,75.5,40.8,44.0,85.6,61.5,5,0.8563
28047001900,28047,Harrison,Gulf Coast,False,2571,35.18,21.35,17.05,79.43,66.7,55.8,44.0,79.4,61.5,5,0.7943
28049011001,28049,Hinds,Jackson Metro,False,5260,33.08,19.25,17.35,97.93,60.6,42.7,45.0,97.9,61.5,5,0.9793
28087000902,28087,Lowndes,Other,False,2259,36.3,20.5,18.3,77.82,70.0,50.5,48.1,77.8,61.6,5,0.7782
28049010902,28049,Hinds,Jackson Metro,False,1327,41.28,17.75,19.6,76.55,84.5,33.3,52.4,76.6,61.7,5,0.7655
28049000700,28049,Hinds,Jackson Metro,False,5193,37.68,18.7,18.55,84.71,74.0,39.3,48.9,84.7,61.7,5,0.8471
28147950200,28147,Walthall,Other,False,2434,37.23,19.05,15.7,93.33,72.7,41.4,39.5,93.3,61.8,5,0.9333
28079040600,28079,Leake,Other,False,5678,32.78,19.65,18.0,95.06,59.7,45.2,47.1,95.1,61.8,5,0.9506
28023950300,28023,Clarke,Other,False,2755,36.15,19.55,16.15,92.3,69.6,44.5,41.0,92.3,61.9,5,0.923
28113950700,28113,Pike,Other,False,3994,37.85,19.7,16.9,84.25,74.5,45.5,43.5,84.3,61.9,5,0.8425
28027950100,28027,Coahoma,Delta,True,3212,39.35,19.4,19.85,72.18,78.9,43.6,53.2,72.2,62.0,5,0.7218
28059042100,28059,Jackson,Gulf Coast,False,3318,34.33,20.1,17.7,89.77,64.3,48.0,46.1,89.8,62.0,5,0.8977
28119950200,28119,Quitman,Delta,True,1642,38.88,18.5,17.45,87.36,77.5,38.0,45.3,87.4,62.1,5,0.8736
28133950100,28133,Sunflower,Delta,True,6742,38.88,18.5,21.55,74.37,77.5,38.0,58.8,74.4,62.2,5,0.7437
28011950702,28011,Bolivar,Delta,True,3673,39.2,18.3,18.05,86.21,78.5,36.8,47.3,86.2,62.2,5,0.8621
28095950800,28095,Monroe,Other,False,2518,39.0,19.25,18.55,79.54,77.9,42.7,48.9,79.5,62.3,5,0.7954
28125950100,28125,Sharkey,Delta,True,1835,38.63,18.45,17.35,89.66,76.8,37.7,45.0,89.7,62.3,5,0.8966
28099010500,28099,Neshoba,Other,False,3323,36.18,20.45,16.8,87.01,69.7,50.2,43.2,87.0,62.5,5,0.8701
28135950300,28135,Tallahatchie,Delta,True,3924,34.43,18.75,21.2,88.62,64.6,39.6,57.7,88.6,62.6,5,0.8862
28049000800,28049,Hinds,Jackson Metro,False,3880,40.9,18.6,20.35,73.68,83.4,38.6,54.9,73.7,62.7,5,0.7368
28059042000,28059,Jackson,Gulf Coast,False,5214,33.85,19.75,18.7,92.64,62.9,45.8,49.4,92.6,62.7,5,0.9264
28047001206,28047,Harrison,Gulf Coast,False,1027,33.65,22.7,18.2,77.59,62.3,64.2,47.8,77.6,63.0,5,0.7759
28059041600,28059,Jackson,Gulf Coast,False,2042,41.0,18.55,19.45,77.93,83.7,38.3,51.9,77.9,63.0,5,0.7793
28133950402,28133,Sunflower,Delta,True,4842,39.05,18.1,19.4,87.24,78.0,35.5,51.7,87.2,63.1,5,0.8724
28051950502,28051,Holmes,Delta,True,1808,39.4,18.5,19.15,85.17,79.1,38.0,50.9,85.2,63.3,5,0.8517
28119950100,28119,Quitman,Delta,True,1644,39.98,18.75,18.6,84.02,80.7,39.6,49.1,84.0,63.4,5,0.8402
28029950101,28029,Copiah,Other,False,2593,37.53,20.15,18.45,82.99,73.6,48.3,48.6,83.0,63.4,5,0.8299
28051950100,28051,Holmes,Delta,True,3501,38.83,18.25,17.6,94.14,77.4,36.4,45.8,94.1,63.4,5,0.9414
28049001000,28049,Hinds,Jackson Metro,False,1341,40.45,17.1,19.4,91.03,82.1,29.3,51.7,91.0,63.5,5,0.9103
28067951000,28067,Jones,Pine Belt,False,4111,30.85,22.1,17.3,94.83,54.1,60.4,44.8,94.8,63.5,5,0.9483
28075000401,28075,Lauderdale,Other,False,969,41.48,18.75,20.5,74.6,85.1,39.6,55.4,74.6,63.7,5,0.746
28049000600,28049,Hinds,Jackson Metro,False,3337,39.8,17.15,18.3,97.59,80.2,29.6,48.1,97.6,63.9,5,0.9759
28049003400,28049,Hinds,Jackson Metro,False,2296,35.85,20.4,19.6,84.6,68.7,49.8,52.4,84.6,63.9,5,0.846
28135950400,28135,Tallahatchie,Delta,True,2079,40.4,20.2,18.8,75.75,82.0,48.6,49.8,75.8,64.0,5,0.7575
28143950200,28143,Tunica,Delta,True,4489,37.83,19.4,18.5,89.43,74.5,43.6,48.8,89.4,64.1,5,0.8943
28027950500,28027,Coahoma,Delta,True,4898,36.35,19.85,19.2,88.85,70.2,46.4,51.1,88.9,64.1,5,0.8885
28049003700,28049,Hinds,Jackson Metro,False,2640,36.15,20.0,19.65,87.7,69.6,47.4,52.6,87.7,64.3,5,0.877
28153950200,28153,Wayne,Other,False,4644,36.1,19.2,17.65,99.89,69.4,42.4,46.0,99.9,64.4,5,0.9989
28001000300,28001,Adams,Other,False,1774,42.88,18.2,21.85,72.87,89.2,36.1,59.8,72.9,64.5,5,0.7287
28125950200,28125,Sharkey,Delta,True,2075,39.3,18.65,17.2,95.86,78.8,38.9,44.5,95.9,64.5,5,0.9586
28097950302,28097,Montgomery,Other,False,2407,38.35,20.4,18.1,84.83,76.0,49.8,47.4,84.8,64.5,5,0.8483
28049010201,28049,Hinds,Jackson Metro,False,2775,35.63,19.45,18.55,97.24,68.1,43.9,48.9,97.2,64.5,5,0.9724
28003950201,28003,Alcorn,Other,False,3678,34.78,21.25,16.9,94.37,65.6,55.1,43.5,94.4,64.6,5,0.9437
28011950400,28011,Bolivar,Delta,True,3788,37.43,18.75,18.65,96.67,73.3,39.6,49.3,96.7,64.7,5,0.9667
28025950300,28025,Clay,Other,False,2850,39.75,20.25,20.95,72.99,80.1,48.9,56.8,73.0,64.7,5,0.7299
28035000602,28035,Forrest,Pine Belt,False,3830,32.65,23.0,21.4,75.4,59.4,66.0,58.3,75.4,64.8,5,0.754
28075000900,28075,Lauderdale,Other,False,3958,36.73,20.0,19.65,88.16,71.3,47.4,52.6,88.2,64.8,5,0.8816
28093950201,28093,Marshall,Other,False,3724,38.1,19.7,18.25,91.15,75.3,45.5,47.9,91.2,65.0,5,0.9115
28051950300,28051,Holmes,Delta,True,2720,40.13,18.5,19.35,89.31,81.2,38.0,51.6,89.3,65.0,5,0.8931
28151000900,28151,Washington,Delta,True,2491,39.7,19.5,20.75,81.03,79.9,44.2,56.2,81.0,65.3,5,0.8103
28151001300,28151,Washington,Delta,True,2345,38.0,18.6,19.85,94.94,75.0,38.6,53.2,94.9,65.4,5,0.9494
28097950301,28097,Montgomery,Other,False,2216,38.35,19.45,18.45,93.79,76.0,43.9,48.6,93.8,65.6,5,0.9379
28159950300,28159,Winston,Other,False,4072,38.08,19.7,19.0,91.61,75.2,45.5,50.4,91.6,65.7,5,0.9161
28053950200,28053,Humphreys,Delta,True,1853,41.6,20.0,20.0,76.44,85.5,47.4,53.7,76.4,65.7,5,0.7644
28085950602,28085,Lincoln,Other,False,2314,41.58,19.65,22.8,69.66,85.4,45.2,62.9,69.7,65.8,5,0.6966
28123020400,28123,Scott,Other,False,3251,32.9,19.4,22.1,99.66,60.1,43.6,60.6,99.7,66.0,5,0.9966
28089030600,28089,Madison,Jackson Metro,False,2989,37.65,19.35,20.7,90.92,74.0,43.3,56.0,90.9,66.0,5,0.9092
28151002000,28151,Washington,Delta,True,1306,38.9,18.7,20.0,93.91,77.6,39.3,53.7,93.9,66.1,5,0.9391
28035000601,28035,Forrest,Pine Belt,False,2607,35.3,19.65,19.8,99.2,67.1,45.2,53.0,99.2,66.1,5,0.992
28049002400,28049,Hinds,Jackson Metro,False,3762,41.58,18.1,20.0,90.11,85.4,35.5,53.7,90.1,66.2,5,0.9011
28091950300,28091,Marion,Other,False,2659,36.53,20.7,18.4,94.48,70.7,51.7,48.4,94.5,66.3,5,0.9448
28133950500,28133,Sunflower,Delta,True,1994,34.5,21.4,19.45,92.76,64.8,56.1,51.9,92.8,66.4,5,0.9276
28087000800,28087,Lowndes,Other,False,2867,40.68,18.95,21.75,82.64,82.8,40.8,59.5,82.6,66.4,5,0.8264
28103950300,28103,Noxubee,Other,False,3091,37.75,19.5,19.05,97.47,74.3,44.2,50.6,97.5,66.6,5,0.9747
28083950900,28083,Leflore,Delta,True,4392,38.25,19.25,21.8,90.0,75.7,42.7,59.6,90.0,67.0,5,0.9
28083950700,28083,Leflore,Delta,True,1660,39.05,19.7,22.65,82.53,78.0,45.5,62.4,82.5,67.1,5,0.8253
28059042201,28059,Jackson,Gulf Coast,False,2081,36.3,20.45,18.75,98.97,70.0,50.2,49.6,99.0,67.2,5,0.9897
28047002600,28047,Harrison,Gulf Coast,False,4458,35.98,20.65,18.95,98.05,69.1,51.4,50.2,98.1,67.2,5,0.9805
28067950402,28067,Jones,Pine Belt,False,4967,38.55,20.85,21.35,82.3,76.6,52.6,58.2,82.3,67.4,5,0.823
28043950300,28043,Grenada,Other,False,2995,41.1,20.2,20.9,80.57,84.0,48.6,56.7,80.6,67.5,5,0.8057
28053950300,28053,Humphreys,Delta,True,3922,40.03,19.05,19.5,96.09,80.9,41.4,52.1,96.1,67.6,5,0.9609
28099940100,28099,Neshoba,Other,False,4653,32.35,23.35,18.05,96.55,58.5,68.2,47.3,96.6,67.6,5,0.9655
28107950602,28107,Panola,Delta,True,2715,39.38,21.95,21.5,73.56,79.0,59.5,58.6,73.6,67.7,5,0.7356
28049010801,28049,Hinds,Jackson Metro,False,1409,39.03,19.4,20.25,95.52,78.0,43.6,54.5,95.5,67.9,5,0.9552
28003950502,28003,Alcorn,Other,False,2801,36.85,20.75,19.45,97.01,71.6,52.0,51.9,97.0,68.1,5,0.9701
28107950101,28107,Panola,Delta,True,3887,43.03,20.65,21.9,71.95,89.6,51.4,60.0,72.0,68.2,5,0.7195
28151000300,28151,Washington,Delta,True,2747,39.6,18.55,21.1,98.39,79.6,38.3,57.3,98.4,68.4,5,0.9839
28151001000,28151,Washington,Delta,True,1220,40.48,18.1,21.25,100.0,82.2,35.5,57.8,100.0,68.9,5,1.0
28051950501,28051,Holmes,Delta,True,2988,36.45,20.95,21.05,95.63,70.5,53.3,57.2,95.6,69.1,5,0.9563
28035001100,28035,Forrest,Pine Belt,False,4123,33.88,21.75,21.25,97.7,62.9,58.3,57.8,97.7,69.2,5,0.977
28151001200,28151,Washington,Delta,True,1736,43.4,17.3,22.75,93.91,90.7,30.5,62.8,93.9,69.5,5,0.9391
28123020102,28123,Scott,Other,False,3688,40.3,23.0,22.25,70.23,81.7,66.0,61.1,70.2,69.8,5,0.7023
28047004000,28047,Harrison,Gulf Coast,False,2151,36.85,20.05,22.65,98.28,71.6,47.7,62.4,98.3,70.0,5,0.9828
28049000900,28049,Hinds,Jackson Metro,False,1663,46.0,18.5,24.9,73.91,98.3,38.0,69.9,73.9,70.0,5,0.7391
28151001100,28151,Washington,Delta,True,1584,41.83,18.35,23.1,93.1,86.1,37.1,63.9,93.1,70.1,5,0.931
28087000600,28087,Lowndes,Other,False,3527,39.5,20.4,21.35,94.6,79.4,49.8,58.2,94.6,70.5,5,0.946
28047001703,28047,Harrison,Gulf Coast,False,2451,38.3,23.4,21.55,80.11,75.9,68.5,58.8,80.1,70.8,5,0.8011
28151000600,28151,Washington,Delta,True,2156,42.85,18.9,25.5,82.07,89.1,40.5,71.8,82.1,70.9,5,0.8207
28049003000,28049,Hinds,Jackson Metro,False,1676,40.33,19.55,22.3,96.32,81.8,44.5,61.3,96.3,71.0,5,0.9632
28011950200,28011,Bolivar,Delta,True,2736,41.48,19.65,20.1,99.77,85.1,45.2,54.0,99.8,71.0,5,0.9977
28143950102,28143,Tunica,Delta,True,3543,38.28,21.65,22.75,87.93,75.8,57.6,62.8,87.9,71.0,5,0.8793
28027950700,28027,Coahoma,Delta,True,4069,41.53,19.05,21.8,97.82,85.3,41.4,59.6,97.8,71.0,5,0.9782
28049001100,28049,Hinds,Jackson Metro,False,1643,45.23,18.05,22.8,90.8,96.1,35.2,62.9,90.8,71.2,5,0.908
28073020305,28073,Lamar,Pine Belt,False,3687,33.6,22.6,21.9,99.43,62.1,63.6,60.0,99.4,71.3,5,0.9943
28049001200,28049,Hinds,Jackson Metro,False,1218,43.43,19.5,24.05,83.1,90.8,44.2,67.1,83.1,71.3,5,0.831
28083950200,28083,Leflore,Delta,True,3254,40.5,20.4,22.35,91.72,82.3,49.8,61.4,91.7,71.3,5,0.9172
28011950100,28011,Bolivar,Delta,True,2839,42.35,19.8,21.7,93.45,87.7,46.1,59.3,93.5,71.6,5,0.9345
28001000400,28001,Adams,Other,False,2983,41.93,19.2,22.5,96.44,86.4,42.4,61.9,96.4,71.8,5,0.9644
28083950800,28083,Leflore,Delta,True,3742,41.13,19.9,23.8,90.46,84.1,46.7,66.2,90.5,71.9,5,0.9046
28049003800,28049,Hinds,Jackson Metro,False,2356,38.88,22.1,24.0,85.52,77.5,60.4,66.9,85.5,72.6,5,0.8552
28049003300,28049,Hinds,Jackson Metro,False,5154,39.18,21.25,23.1,92.99,78.4,55.1,63.9,93.0,72.6,5,0.9299
28075000600,28075,Lauderdale,Other,False,1550,40.05,20.35,22.65,99.08,81.0,49.5,62.4,99.1,73.0,5,0.9908
28049002100,28049,Hinds,Jackson Metro,False,2883,41.13,20.1,24.1,95.29,84.1,48.0,67.2,95.3,73.6,5,0.9529
28049011600,28049,Hinds,Jackson Metro,False,2419,42.18,19.5,24.1,96.78,87.2,44.2,67.2,96.8,73.8,5,0.9678
28113950300,28113,Pike,Other,False,5080,42.73,20.4,23.15,95.4,88.8,49.8,64.1,95.4,74.5,5,0.954
28047002402,28047,Harrison,Gulf Coast,False,2414,41.13,21.25,24.05,91.84,84.1,55.1,67.1,91.8,74.5,5,0.9184
28075000800,28075,Lauderdale,Other,False,1485,39.98,21.95,24.5,93.68,80.7,59.5,68.5,93.7,75.6,5,0.9368
28011950701,28011,Bolivar,Delta,True,3196,43.03,20.4,23.85,98.62,89.6,49.8,66.4,98.6,76.1,5,0.9862
28047002401,28047,Harrison,Gulf Coast,False,1590,36.48,24.5,24.2,91.38,70.5,75.4,67.5,91.4,76.2,5,0.9138
28163950300,28163,Yazoo,Delta,True,5997,42.18,20.8,24.2,98.16,87.2,52.3,67.5,98.2,76.3,5,0.9816
28107950201,28107,Panola,Delta,True,1776,42.53,21.1,23.8,99.54,88.2,54.2,66.2,99.5,77.0,5,0.9954
28089030502,28089,Madison,Jackson Metro,False,3120,42.55,21.9,26.65,89.08,88.3,59.2,75.6,89.1,78.0,5,0.8908
28047002002,28047,Harrison,Gulf Coast,False,2001,37.83,24.75,24.45,97.36,74.5,76.9,68.4,97.4,79.3,5,0.9736
28163950500,28163,Yazoo,Delta,True,3109,44.65,21.45,25.85,95.98,94.4,56.4,73.0,96.0,79.9,5,0.9598
28121020500,28121,Rankin,Jackson Metro,False,4063,45.6,24.6,33.0,53.68,97.2,76.0,96.5,53.7,80.8,5,0.5368
28075000402,28075,Lauderdale,Other,False,3476,43.53,21.8,28.45,92.87,91.1,58.6,81.5,92.9,81.0,5,0.9287
28075010700,28075,Lauderdale,Other,False,1049,43.38,22.2,28.0,97.13,90.7,61.1,80.1,97.1,82.2,5,0.9713
28075000700,28075,Lauderdale,Other,False,3843,43.33,22.55,27.65,96.9,90.5,63.2,78.9,96.9,82.4,5,0.969
28047001800,28047,Harrison,Gulf Coast,False,2595,44.23,23.15,26.3,98.51,93.1,67.0,74.5,98.5,83.3,5,0.9851
28151000400,28151,Washington,Delta,True,2589,46.58,20.6,29.65,99.31,100.0,51.1,85.5,99.3,84.0,5,0.9931
28089030501,28089,Madison,Jackson Metro,False,2401,46.05,21.3,34.05,98.74,98.5,55.5,100.0,98.7,88.2,5,0.9874
